"Season","Rep","n","Use_Hydrologic_Group","Use_Tile","AIC_Storm","AIC_Agricultural","AIC_Site","AIC_Full","AUC_Storm","AUC_Agricultural","AUC_Site","AUC_Full","RMSE_Storm","RMSE_Agricultural","RMSE_Site","RMSE_Full","R2m_Storm","R2m_Agricultural","R2m_Site","R2m_Full","R2c_Storm","R2c_Agricultural","R2c_Site","R2c_Full","REvar_Storm","REvar_Agricultural","REvar_Site","REvar_Full","Singular_Storm","Singular_Agricultural","Singular_Site","Singular_Full"
"Spring",1,2037,TRUE,TRUE,1607.35249162631,1608.3105464167,1610.3272104978,1610.76467924371,0.788494277082086,0.790151265367094,0.788246990505541,0.789892203239286,,,,,0.193294199008794,0.204052432861527,0.221582035222603,0.231805267902401,0.329609990145435,0.347870203366044,0.328207526650659,0.341899161497699,0.668955340604391,0.72553271248184,0.522160965483881,0.550363061499817,FALSE,FALSE,FALSE,FALSE
"Spring",2,2037,TRUE,TRUE,1663.70870756808,1660.02932277472,1657.48010836434,1655.32640188377,0.768626339303901,0.774686307527261,0.765645581824848,0.77144753459444,,,,,0.138123334135869,0.153091782062944,0.192364872215656,0.199970333113602,0.26161957998826,0.306233974697884,0.252803353218144,0.283244331203743,0.550239893758917,0.726206820598795,0.266107501359212,0.382222959104539,FALSE,FALSE,FALSE,FALSE
"Spring",3,2037,TRUE,TRUE,1625.75861150015,1620.16654871383,1622.07681063048,1617.53500543278,0.788129234992901,0.792148062417151,0.786177857926292,0.790369954176283,,,,,0.148707412102178,0.165716030589905,0.221544745065325,0.231903086618346,0.327557499780409,0.388043827144967,0.324389971255754,0.369722640827859,0.875008947187714,1.19523123642827,0.500802560577142,0.719378783000686,FALSE,FALSE,FALSE,FALSE
"Spring",4,2037,TRUE,TRUE,1562.79796121187,1565.40867243698,1557.33720059256,1559.35622756909,0.778990508904849,0.780993069026472,0.776989741585483,0.778915211210034,,,,,0.172643617074531,0.178402352338515,0.233110487265874,0.236745916495975,0.307338182570073,0.321027976608914,0.300723654320119,0.304244784447843,0.639745612729285,0.691073387666651,0.318097995283657,0.319167387856675,FALSE,FALSE,FALSE,FALSE
"Spring",5,2037,TRUE,TRUE,1600.10383379692,1600.77233654628,1594.84828261665,1595.58115782094,0.797834571655781,0.799914154807497,0.796974456064231,0.798581557923877,,,,,0.180800367767027,0.191799492339868,0.255738423922095,0.26338147476644,0.335213324155477,0.355528811925077,0.336205191953538,0.34910125776875,0.764152295932935,0.835798218791041,0.398805553703078,0.433257531824345,FALSE,FALSE,FALSE,FALSE
"Spring",6,2037,TRUE,TRUE,1649.467095232,1655.10413590969,1648.07912278389,1653.65336650364,0.790060196256288,0.790141007668838,0.788641873505401,0.788570957367857,,,,,0.144965533463492,0.144507425035691,0.200514040070818,0.200138886051903,0.32256747190001,0.327231019519445,0.315121782367798,0.316716779762825,0.862502069960827,0.893525932686683,0.550527596805841,0.561298574666999,FALSE,FALSE,FALSE,FALSE
"Spring",7,2037,TRUE,TRUE,1686.21670638983,1689.32656322362,1680.71702017302,1683.93312442481,0.753722531866098,0.755005342207523,0.751874876652852,0.752958630217159,,,,,0.123421959736438,0.129473606276673,0.178519529628785,0.180782550544023,0.253582159659817,0.263321805878434,0.248635555201922,0.252308630946271,0.573686574544268,0.597741225593831,0.307004782820804,0.314717251506291,FALSE,FALSE,FALSE,FALSE
"Spring",8,2037,TRUE,TRUE,1703.40285753491,1696.9159441143,1703.73695262214,1697.80996329623,0.76783477712047,0.773649167901162,0.766343572285827,0.771963386997086,,,,,0.16902394456501,0.193203443949486,0.198765076905992,0.216102193060123,0.275452837590725,0.319162527307415,0.269825240987319,0.304386795542657,0.483249458193476,0.608645662304728,0.320167968696309,0.417537646701116,FALSE,FALSE,FALSE,FALSE
"Spring",9,2037,TRUE,TRUE,1699.42209540568,1702.98104811597,1697.41291648732,1701.59190482176,0.786444266930402,0.787035452090228,0.786144711983466,0.786884882143355,,,,,0.150521052045875,0.15287265982025,0.201000958818807,0.200367239491269,0.325534822378293,0.338267069125741,0.309289244714302,0.318821483161989,0.85367228002038,0.921705919235101,0.515779113462407,0.572095026370439,FALSE,FALSE,FALSE,FALSE
"Spring",10,2037,TRUE,TRUE,1755.88237811549,1752.88283242426,1752.75458193032,1749.47773144019,0.774277120808435,0.77625927072826,0.772990946189152,0.775301154951082,,,,,0.151491454889007,0.172568841644993,0.212829994021843,0.228449798842966,0.308109122530354,0.327579387808182,0.305633979799504,0.318907001516533,0.74470048778715,0.758400689929581,0.43970019644941,0.436933383842921,FALSE,FALSE,FALSE,FALSE
"Spring",11,2037,TRUE,TRUE,1709.75143612984,1709.09818576906,1704.72275433672,1704.6450898667,0.771492756222219,0.774430937528021,0.768431283384785,0.771334238538691,,,,,0.156907363432898,0.167819890409953,0.217780454998101,0.225424679633846,0.288138720755316,0.314278393684005,0.282372710411575,0.30121494013097,0.606485944922901,0.702660027614971,0.296114718394073,0.35681925269091,FALSE,FALSE,FALSE,FALSE
"Spring",12,2037,TRUE,TRUE,1639.744924013,1637.07625813323,1631.43861000448,1627.2499369881,0.765541165587419,0.768487682872512,0.76260663994244,0.764758282797136,,,,,0.15800865215254,0.176499104595456,0.234205653538359,0.24482467112655,0.28655621121907,0.296387215920962,0.288551194155917,0.289805969639213,0.592765015110794,0.560558429271695,0.251303622716865,0.20836916992096,FALSE,FALSE,FALSE,FALSE
"Spring",13,2037,TRUE,TRUE,1543.98281896295,1538.63021102637,1543.35207970553,1538.617615754,0.795702392533378,0.799715208165912,0.79494635480551,0.798421661097717,,,,,0.195162305752277,0.212835384734702,0.240210894728699,0.25003108558475,0.338882201943114,0.365513229352438,0.336722541047099,0.35679692002299,0.715181935876013,0.791647673310371,0.478699502700933,0.546088051223946,FALSE,FALSE,FALSE,FALSE
"Spring",14,2037,TRUE,TRUE,1613.52429084686,1606.78157070438,1606.4568763987,1601.12823070898,0.776953780792819,0.782956453215473,0.775823140439237,0.78254702436016,,,,,0.156083359755406,0.170057895654299,0.234585546201851,0.241281798804731,0.307864751654868,0.358920674782016,0.307025335500539,0.341580791935305,0.721449695983598,0.969199308497967,0.343904859202277,0.50115558188528,FALSE,FALSE,FALSE,FALSE
"Spring",15,2037,TRUE,TRUE,1587.46943195767,1583.97331928394,1585.97823317309,1583.09968423474,0.792454342376754,0.795562982794195,0.792377606875501,0.795528878126972,,,,,0.189920264480709,0.199225021660615,0.245361876338347,0.247940734971788,0.351556053406424,0.374420909289266,0.346539799034148,0.362495393072801,0.82005612674009,0.921340524999519,0.509383774587219,0.591163914986486,FALSE,FALSE,FALSE,FALSE
"Spring",16,2037,TRUE,TRUE,1626.47531787751,1625.24428137493,1615.9680335105,1615.17714450316,0.779375168599946,0.781914283787429,0.777271041273267,0.779415632586998,,,,,0.140792216905164,0.150227852199602,0.233324877010525,0.234674583958867,0.305274010018393,0.32244246460592,0.297826880921868,0.304076124547752,0.778901923261539,0.836184878650813,0.302209072751306,0.328084615094492,FALSE,FALSE,FALSE,FALSE
"Spring",17,2037,TRUE,TRUE,1625.26582594045,1620.34800801024,1618.48447707718,1613.65940933656,0.805901323706378,0.809121540312876,0.804641797031689,0.807972723626153,,,,,0.187902598124236,0.207663230929458,0.270146456172215,0.281467437806222,0.361034948975221,0.400538254331487,0.35603133894276,0.380998522795885,0.89141433175899,1.05850523050252,0.438763492821502,0.528987662999968,FALSE,FALSE,FALSE,FALSE
"Spring",18,2037,TRUE,TRUE,1626.81151424933,1627.25818826888,1620.24154966352,1621.54671408925,0.780806524328289,0.783255838991205,0.779235329345347,0.781551748501141,,,,,0.176087106891686,0.18438857819434,0.237019471700276,0.241045985100797,0.30059054339984,0.317219262215307,0.299096218374164,0.308797958449389,0.585636760324828,0.640023085530408,0.291372819036927,0.322474536699207,FALSE,FALSE,FALSE,FALSE
"Spring",19,2037,TRUE,TRUE,1633.91098900997,1635.67568462148,1631.92062468327,1633.81406561209,0.763626122222607,0.765903497521578,0.761710977850185,0.76401088425942,,,,,0.145555575547972,0.153917424527234,0.183249405977779,0.188837724777167,0.272185327014414,0.274652060014589,0.259362421451937,0.26167393881161,0.572391845878038,0.54760068654953,0.338089493999018,0.324547042461591,FALSE,FALSE,FALSE,FALSE
"Spring",20,2037,TRUE,TRUE,1579.24799973915,1578.77611164235,1571.76236531762,1572.17486146632,0.79957121905512,0.80242296880729,0.798934667771154,0.801788114993414,,,,,0.162679600082404,0.17614809127261,0.255014315803906,0.259852276404507,0.333909188512557,0.364600694910142,0.341803076991178,0.358455882848167,0.845714663537212,0.975739523875599,0.433796588546469,0.505643889537458,FALSE,FALSE,FALSE,FALSE
"Spring",21,2037,TRUE,TRUE,1641.55428512285,1641.63437792801,1633.35764175908,1633.84195232164,0.786296627575697,0.787398131584178,0.785392234810839,0.785902405088452,,,,,0.193681090418086,0.203254370745161,0.250995942926153,0.256267554861258,0.311023584327967,0.331797628071902,0.304337256663772,0.313594796907398,0.560311387532823,0.632877678749541,0.252257131714863,0.274763457430911,FALSE,FALSE,FALSE,FALSE
"Spring",22,2037,TRUE,TRUE,1595.61480317684,1591.70816236988,1591.99126758976,1589.01815017075,0.782883235348024,0.789435562322886,0.782146583202921,0.788755304600375,,,,,0.154507919127762,0.172512265712343,0.225486985213373,0.232929933420481,0.317310030427128,0.348854798680014,0.32110112521783,0.33990446470181,0.784539837896504,0.890959003690139,0.463335445109401,0.533153282760145,FALSE,FALSE,FALSE,FALSE
"Spring",23,2037,TRUE,TRUE,1687.65340684154,1686.63266061467,1683.44964757726,1683.85496728881,0.772635116232379,0.775355378483433,0.77050893424305,0.773894039778693,,,,,0.137738631250411,0.14473988583335,0.192326446092391,0.197751104299406,0.289148495763404,0.322948277036214,0.270871745832006,0.297670370853515,0.700734943120847,0.865934001037836,0.354400857719971,0.468044059850008,FALSE,FALSE,FALSE,FALSE
"Spring",24,2037,TRUE,TRUE,1650.85881047974,1643.54238156534,1642.95093247615,1636.99425335173,0.778856542617047,0.785420835000667,0.777449313058557,0.78421201814059,,,,,0.118725338740795,0.13616990173012,0.207975588289543,0.212142900415876,0.317808353699692,0.35117320783419,0.304820108230374,0.325534350992872,0.960077524293164,1.09017157418864,0.458306840932136,0.553094024041148,FALSE,FALSE,FALSE,FALSE
"Spring",25,2037,TRUE,TRUE,1593.38305908869,1594.44857820392,1591.18004748804,1591.98210214812,0.802718108301359,0.804693663118389,0.80225988700565,0.804086058323346,,,,,0.157526755530859,0.170597403548203,0.217746205681602,0.225815255009693,0.360495502012591,0.374424651784229,0.350724399466337,0.358510639375912,1.04415279843695,1.07191686926809,0.673798186547198,0.680526199359407,FALSE,FALSE,FALSE,FALSE
"Spring",26,2037,TRUE,TRUE,1662.47430555245,1660.7398138701,1653.70340042371,1651.47221556283,0.801069148768907,0.803342662180435,0.799867928681488,0.802058111380145,,,,,0.184702166668054,0.198108273999612,0.270881646521774,0.2759448302307,0.34635897993998,0.365240302122214,0.344543099768517,0.350858837108472,0.813641711974267,0.866221241327917,0.369721438026899,0.379666578062762,FALSE,FALSE,FALSE,FALSE
"Spring",27,2037,TRUE,TRUE,1758.3784291434,1757.36596913199,1760.91785377895,1759.67353271265,0.777823943271841,0.781467939603223,0.777114533513071,0.780504619627106,,,,,0.136168542909434,0.144103811120658,0.172084710906764,0.177123653493684,0.300009927690917,0.326271182799159,0.298899268812281,0.319610774653774,0.770034564912098,0.889536881581403,0.59506880307397,0.688964230919707,FALSE,FALSE,FALSE,FALSE
"Spring",28,2037,TRUE,TRUE,1706.0196583847,1707.31066983253,1699.97577614096,1702.02705640616,0.764910646833563,0.7673626488134,0.76335413030453,0.764865058483341,,,,,0.178228269217868,0.183844933053086,0.22011838152496,0.222690485950595,0.27985052681438,0.290843627010955,0.270218671022326,0.276456252521343,0.464242271069284,0.496380780046319,0.225853059487351,0.244466603078602,FALSE,FALSE,FALSE,FALSE
"Spring",29,2037,TRUE,TRUE,1693.6958400046,1690.48385278838,1691.07432359711,1687.46382811936,0.77085880121273,0.775255759658879,0.769783881061626,0.774474294330323,,,,,0.139343200221537,0.156618238377884,0.193888003330239,0.205049139154718,0.280047058978892,0.2964429705026,0.279068721018704,0.288154080452815,0.642954719453509,0.653827495474496,0.388710182092065,0.384077917175153,FALSE,FALSE,FALSE,FALSE
"Spring",30,2037,TRUE,TRUE,1646.68375220011,1650.17315864527,1636.32422468711,1639.33680430307,0.776699487456164,0.777748179120583,0.774597046128945,0.775787361748044,,,,,0.13626623384509,0.141454612717785,0.233533885446832,0.236038971560451,0.300648267886451,0.303515627108591,0.302882209666781,0.301788502617719,0.773280726581638,0.765500832050916,0.327271581847601,0.30980195519804,FALSE,FALSE,FALSE,FALSE
"Spring",31,2037,TRUE,TRUE,1605.82850375972,1608.38503044658,1602.84831444417,1604.93343087025,0.789207056740377,0.790844422871168,0.788562707020848,0.789350625378149,,,,,0.172264135791315,0.179351196976537,0.229216727367387,0.233252900669005,0.323161417449787,0.334987773837212,0.318865082164741,0.324354978928206,0.733457239566866,0.769946467910778,0.432999774293565,0.443596585234962,FALSE,FALSE,FALSE,FALSE
"Spring",32,2037,TRUE,TRUE,1638.32946990973,1635.63055448366,1631.42564961387,1629.27957166382,0.785521930632547,0.789512820083402,0.783209123947011,0.787328967861868,,,,,0.157913381262732,0.170356734508517,0.237757173896061,0.248569494195584,0.328990571758184,0.362406235705627,0.326057251613504,0.349711143914633,0.838768240392705,0.990940579194473,0.431039005287932,0.511684441900539,FALSE,FALSE,FALSE,FALSE
"Spring",33,2037,TRUE,TRUE,1685.53592875197,1681.98405108551,1681.60687742939,1678.59196576817,0.770151993851934,0.773365606300454,0.768465545213901,0.771900842731686,,,,,0.171760983095469,0.188024378290609,0.224532529785577,0.236922439512518,0.312107844131952,0.342934343194006,0.307503533654087,0.331954160415918,0.671213738737274,0.775620140618905,0.394173363928,0.467994577265963,FALSE,FALSE,FALSE,FALSE
"Spring",34,2037,TRUE,TRUE,1550.0929250591,1546.30575635939,1548.37347740631,1544.18656242212,0.787468423982075,0.791171916253978,0.786194679530177,0.789826813569481,,,,,0.139142112007952,0.155727235252803,0.195515230716113,0.20643618724556,0.328896053180905,0.362040654628356,0.313540448677687,0.336144453230597,0.930206784309803,1.06392977684521,0.565637702609571,0.642795097544642,FALSE,FALSE,FALSE,FALSE
"Spring",35,2037,TRUE,TRUE,1571.22006583098,1575.09818422043,1567.97273089764,1571.4838809111,0.800115579016371,0.800733150476979,0.798425020269454,0.799099518708275,,,,,0.16659832093013,0.172145592471556,0.231516528919531,0.235740962255464,0.351865315561882,0.3533259332089,0.339119135255929,0.338242507953798,0.940397106495082,0.921730837919333,0.535646293565916,0.509577258891168,FALSE,FALSE,FALSE,FALSE
"Spring",36,2037,TRUE,TRUE,1622.98049007528,1617.88820451348,1610.35793020275,1606.28250215324,0.795443848718531,0.797568385056166,0.794178342565439,0.796873920041075,,,,,0.181067535303142,0.191014898532684,0.279470987132153,0.289979407257994,0.332555997439744,0.365735256742737,0.338826969488535,0.362596145595886,0.746694947132873,0.906257118804023,0.295343799409745,0.374800829615547,FALSE,FALSE,FALSE,FALSE
"Spring",37,2037,TRUE,TRUE,1655.06703379102,1655.08313920138,1653.50763502496,1653.89671006304,0.77004676207069,0.772334511616665,0.768586496403047,0.770466378641852,,,,,0.154305091850353,0.165315130079543,0.200521830799832,0.207267469368864,0.292346116103536,0.317502846573547,0.285283743359037,0.301592897363734,0.641749840095279,0.733596493875501,0.390162547008877,0.444322829172639,FALSE,FALSE,FALSE,FALSE
"Spring",38,2037,TRUE,TRUE,1707.32011085944,1704.96444059802,1701.81811976794,1700.62693955307,0.754281445792754,0.759904638634995,0.751572996695958,0.757360892523815,,,,,0.126335027510476,0.146062806631857,0.182350194401157,0.191173344541124,0.248807975314097,0.283924548480872,0.24242334577227,0.263783465863335,0.536373969608462,0.633378717847075,0.260874916463745,0.324466666049405,FALSE,FALSE,FALSE,FALSE
"Spring",39,2037,TRUE,TRUE,1575.9275500072,1577.78282635727,1570.64138174888,1572.65964016118,0.785791072762904,0.787868854770263,0.784983927589561,0.787213269607636,,,,,0.17156944981735,0.177029336279024,0.235283341202628,0.237498610415762,0.306415867964611,0.327158890575988,0.308519739399503,0.32115447181161,0.639615172140578,0.7340610282128,0.348438135378407,0.405418819414758,FALSE,FALSE,FALSE,FALSE
"Spring",40,2037,TRUE,TRUE,1688.72061101504,1689.04169211188,1685.21476250363,1686.23149462601,0.75923590504451,0.762520231993526,0.75754821958457,0.76102475047208,,,,,0.117255807021755,0.127667871799318,0.173554988800243,0.175706407447195,0.270985627964446,0.29747885026894,0.263244144960222,0.276385302842101,0.693746047428495,0.795215527721698,0.400492910603191,0.457730185686343,FALSE,FALSE,FALSE,FALSE
"Spring",41,2037,TRUE,TRUE,1668.71986892527,1671.63449180038,1662.65669966566,1666.06714758376,0.774240075706897,0.77566610647914,0.773114261939337,0.774155231770791,,,,,0.165898263453808,0.167656684858441,0.229588410223376,0.231988971625146,0.290774441209601,0.302097961810112,0.292280372393286,0.299809565743409,0.57926022654524,0.63374807450615,0.291426548786211,0.318657325895807,FALSE,FALSE,FALSE,FALSE
"Spring",42,2037,TRUE,TRUE,1607.76312724019,1610.36031223292,1598.27525456633,1601.29386169891,0.764845434938893,0.76602983465133,0.76362688713156,0.764613587347232,,,,,0.108908315086223,0.116966965320725,0.204224236466108,0.206471166689881,0.297649240698366,0.30975634602674,0.290817976246208,0.294810127948244,0.884077860630769,0.918880798756859,0.401705028523186,0.412120969296042,FALSE,FALSE,FALSE,FALSE
"Spring",43,2037,TRUE,TRUE,1695.006682154,1700.79111186492,1683.52482008954,1688.6038871245,0.768345677393983,0.768327652880645,0.766087697450351,0.76533230648227,,,,,0.139213325647576,0.139723561314523,0.21895231472808,0.220663296969812,0.284902365645769,0.285334401520901,0.275801572438504,0.272914401990453,0.670254951341996,0.670300157353605,0.258253200018081,0.236422294470443,FALSE,FALSE,FALSE,FALSE
"Spring",44,2037,TRUE,TRUE,1696.7890478291,1695.45743430947,1689.9783776858,1686.22534819592,0.789072054309032,0.791110826865001,0.788129882446901,0.789379352085257,,,,,0.173698265184128,0.1876655602316,0.236788448435158,0.250459161817004,0.325907587831659,0.336639066782322,0.316331205632522,0.317729001616365,0.742848593442709,0.738818292462507,0.382766018174161,0.324370965260267,FALSE,FALSE,FALSE,FALSE
"Spring",45,2037,TRUE,TRUE,1628.5919745838,1628.35226239462,1629.50496691989,1629.6202448455,0.784011450084997,0.786443072326821,0.782923218866279,0.785371739108394,,,,,0.181182670968215,0.190042564849561,0.215535988875269,0.220207587096438,0.316571640532448,0.345232703670633,0.307606288205353,0.32895245031932,0.651731597691357,0.77975044757667,0.4374666301357,0.533131013428753,FALSE,FALSE,FALSE,FALSE
"Spring",46,2037,TRUE,TRUE,1617.45767419537,1616.1265039805,1617.19762217714,1615.76887314429,0.76642136679974,0.769741253808923,0.76593146196636,0.768848306701273,,,,,0.161850227282681,0.174057529446029,0.197063019325901,0.205098296476331,0.275744145585621,0.303935909881313,0.27428562014037,0.293323999588672,0.517353046113314,0.613855464052574,0.350071847370334,0.410727022105324,FALSE,FALSE,FALSE,FALSE
"Spring",47,2037,TRUE,TRUE,1687.6391035935,1688.8052831654,1687.33645252777,1687.87015971459,0.760626854599406,0.762968707850013,0.758013555435662,0.761203466414891,,,,,0.115963024419229,0.130017606497318,0.15910842304276,0.171052960739652,0.273658055139914,0.295190075777803,0.261937784672881,0.277586301504528,0.714258428941727,0.770981827262848,0.458355722607121,0.485152266199449,FALSE,FALSE,FALSE,FALSE
"Spring",48,2037,TRUE,TRUE,1653.62724791123,1657.06910637122,1651.83678159725,1655.36767737894,0.793281583119226,0.793728555763857,0.792623986674427,0.793085429656474,,,,,0.181699727858316,0.18349080341183,0.230101480098991,0.231543027349991,0.33654491624527,0.351800541021374,0.332519747925784,0.344171742038466,0.767829297572766,0.854238359323773,0.504797849201796,0.564985748775914,FALSE,FALSE,FALSE,FALSE
"Spring",49,2037,TRUE,TRUE,1732.9142206223,1738.52292209657,1725.8832740412,1731.32369620152,0.777001220801963,0.776748586976648,0.776169569078875,0.775953025800033,,,,,0.130614137739815,0.131475768125813,0.208706909225456,0.209492847415955,0.298008029232099,0.299807575118878,0.293804645854098,0.292834562127923,0.784487362146708,0.790910366972384,0.396434683888345,0.387721510066389,FALSE,FALSE,FALSE,FALSE
"Spring",50,2037,TRUE,TRUE,1642.90268186519,1647.56131711394,1639.64091103243,1643.8784419068,0.777828817977039,0.778356233369402,0.775748079187168,0.776032202963054,,,,,0.129847492991657,0.13202030832912,0.196897467779135,0.199169450496229,0.294578292305319,0.299434010171238,0.289850454737637,0.290462348555804,0.768253374384248,0.78617719220019,0.430617849109083,0.423291978301176,FALSE,FALSE,FALSE,FALSE
"Summer",1,2037,TRUE,TRUE,753.495009887178,754.523400663561,758.423887288216,760.368226700605,0.930105980230832,0.931932729595066,0.929513365476451,0.931135864124369,,,,,0.646553692400621,0.648299071548763,0.660885308060279,0.660575958452082,0.727690785556543,0.738752964912358,0.727211620767684,0.73610021407824,0.980247171510469,1.13908041576754,0.799905125048751,0.941512101034118,FALSE,FALSE,FALSE,FALSE
"Summer",2,2037,TRUE,TRUE,785.562713631619,784.925502298989,790.832692014603,790.652802416513,0.939990994146195,0.941151748636614,0.939650773002452,0.940753990093561,,,,,0.645576727800786,0.642918387490621,0.660638034406228,0.656686685434195,0.758377923464137,0.76631229624208,0.758376171368004,0.765686501563552,1.5358739746641,1.73714612179246,1.33076933702236,1.53040701477134,FALSE,FALSE,FALSE,FALSE
"Summer",3,2037,TRUE,TRUE,727.698059515165,728.183124067669,732.847622970418,733.901033376713,0.939667936853566,0.94169842133914,0.939855743059336,0.941649428415895,,,,,0.668373729434061,0.665700096824889,0.679335065088109,0.676041407685282,0.74727092363427,0.759225951040874,0.748809395723676,0.759020250416901,1.02703404281706,1.27791067514148,0.909912164614305,1.13283149702843,FALSE,FALSE,FALSE,FALSE
"Summer",4,2037,TRUE,TRUE,751.801556156099,743.810771448456,757.561698286882,750.112068842829,0.931978842256167,0.937509955454491,0.931792091661586,0.937254546553078,,,,,0.673650066733967,0.676085532873279,0.678366998459641,0.678351519972878,0.739906169920373,0.759374147686428,0.737177920141577,0.755962111111513,0.838058490157718,1.13873283830048,0.736164089634136,1.04626626540364,FALSE,FALSE,FALSE,FALSE
"Summer",5,2037,TRUE,TRUE,732.998805855953,713.938224296988,738.076022280817,719.475170951445,0.932867680057075,0.942444449558703,0.932476439248357,0.942340885815219,,,,,0.662531246580382,0.654574505757346,0.672129671340768,0.664877202215546,0.737379921771539,0.775674294376996,0.736323446269123,0.772852051709939,0.937636882228689,1.77599947572093,0.800939831510517,1.56383986413415,FALSE,FALSE,FALSE,FALSE
"Summer",6,2037,TRUE,TRUE,822.759974672378,818.929342200362,828.787133544375,825.623378235298,0.919275375790815,0.92368808132064,0.919335524193328,0.923461157802068,,,,,0.528025499206911,0.526826821826153,0.54210203393351,0.537558185533871,0.667533819029594,0.693723636234138,0.669533287773327,0.694105848140794,1.38048319510439,1.79272244382534,1.26860590109009,1.68365810030992,FALSE,FALSE,FALSE,FALSE
"Summer",7,2037,TRUE,TRUE,731.175893417761,724.701422315298,737.185476283085,731.077706075965,0.940767555797496,0.944640718562874,0.940530756668481,0.944499183451279,,,,,0.63565091612021,0.6287189177009,0.647573228220529,0.639277256839476,0.748906833533002,0.774872259915414,0.748692171795058,0.773413816690014,1.48389953773549,2.13578843284303,1.32374702592873,1.94756620800757,FALSE,FALSE,FALSE,FALSE
"Summer",8,2037,TRUE,TRUE,801.6640263739,803.68385560246,804.400092737774,806.946380673161,0.934358009613112,0.93522722795682,0.934111772121976,0.935091797336695,,,,,0.634590095166172,0.633795158570924,0.659590944820583,0.657896691830793,0.724547514722351,0.730073317185843,0.726820180842838,0.731078367620224,1.0744068897731,1.17343881196164,0.809632724425838,0.895272206328736,FALSE,FALSE,FALSE,FALSE
"Summer",9,2037,TRUE,TRUE,792.678988354488,791.290145294125,798.311524357228,797.115624414326,0.926695228009371,0.93025202443225,0.926566862424184,0.930225281602002,,,,,0.612204807683777,0.608923641614323,0.621556456679183,0.618493290735914,0.698952939665429,0.714691901914178,0.69802803851608,0.712933508934213,0.947991037504069,1.21960656375178,0.83312841027452,1.082313241216,FALSE,FALSE,FALSE,FALSE
"Summer",10,2037,TRUE,TRUE,758.338157450325,757.016362343142,765.868028461304,764.335335962818,0.943920190042921,0.945498837449753,0.943973147863278,0.945329876784805,,,,,0.677894754930954,0.674151058897836,0.678807805931344,0.674280671758022,0.76475863373759,0.774076163844158,0.76281315019778,0.771858926777681,1.21479785377735,1.45509400031801,1.16518477054186,1.40711002712811,FALSE,FALSE,FALSE,FALSE
"Summer",11,2037,TRUE,TRUE,664.309981482193,664.624902842764,671.386481262114,671.623002593974,0.951194105691057,0.953291553748871,0.951194105691057,0.953345189701897,,,,,0.676504582257742,0.673707750157002,0.682858729565065,0.679328893830335,0.784899313166449,0.795254414363215,0.784438680691702,0.79403316893508,1.6578485932642,1.95302133662849,1.55029967948936,1.8321490771828,FALSE,FALSE,FALSE,FALSE
"Summer",12,2037,TRUE,TRUE,781.651879633708,776.806614158593,787.656946226882,783.355424307753,0.93867204452046,0.941023153702806,0.938728205651852,0.9410588926046,,,,,0.627772541858917,0.622123309197667,0.639732390425542,0.63141824388758,0.753368560774584,0.768331652475518,0.754027282737449,0.76793730663981,1.67535145416773,2.07627055905656,1.52868630409867,1.93538094248339,FALSE,FALSE,FALSE,FALSE
"Summer",13,2037,TRUE,TRUE,702.450749791827,698.771036000672,709.400152443211,705.002970767371,0.939542350125503,0.943006829723892,0.939437277450236,0.943179032163913,,,,,0.665148663803941,0.667834388907242,0.667948443300352,0.670577699815874,0.740718211066345,0.760695889232583,0.737206316869816,0.757727101998687,0.958855793300855,1.2766270073167,0.86702720000647,1.18341772223482,FALSE,FALSE,FALSE,FALSE
"Summer",14,2037,TRUE,TRUE,868.776920853914,861.831068862383,873.066804297552,866.352065989693,0.919163669926515,0.924469539166091,0.918795486984985,0.924134139637163,,,,,0.601751682250294,0.599819216458043,0.616302492369017,0.615320825063482,0.688879661506518,0.714073384561237,0.6880706031784,0.711037229016289,0.921314125255841,1.31460705820583,0.756926481355048,1.08974019789602,FALSE,FALSE,FALSE,FALSE
"Summer",15,2037,TRUE,TRUE,816.667681616833,816.897781694152,821.237944052141,821.966361643959,0.938067150635209,0.939499952239947,0.938043270608463,0.939445028178432,,,,,0.649825662580708,0.648241970852087,0.663058585528716,0.661012704766815,0.730336114585924,0.739454975255648,0.731735222243867,0.739771407918845,0.98221817902961,1.15173474089723,0.842216710477045,0.995685161568749,FALSE,FALSE,FALSE,FALSE
"Summer",16,2037,TRUE,TRUE,763.539321432518,762.373176639646,771.229999385555,769.933949492237,0.937858029091101,0.940178453578311,0.937926665082759,0.94031836540746,,,,,0.630389800588589,0.62609854114241,0.631278866872755,0.626962988909065,0.752274252237518,0.768322808964984,0.752001721914014,0.767965113365333,1.61866005893471,2.01961653824203,1.60147190083062,1.99917522214038,FALSE,FALSE,FALSE,FALSE
"Summer",17,2037,TRUE,TRUE,764.433287443513,764.639202701729,769.838320163335,770.865837660215,0.926790834934157,0.929338233247028,0.926014087251872,0.928441771764247,,,,,0.647385867378967,0.644545786825678,0.65803752062984,0.654374300698985,0.709226766995194,0.720473075264364,0.710485968633239,0.720265376385132,0.699680651152577,0.89361970031564,0.595993489274568,0.774923559313425,FALSE,FALSE,FALSE,FALSE
"Summer",18,2037,TRUE,TRUE,821.336347615947,800.408962462493,824.567303026669,802.93573089692,0.926936920838333,0.936609399331172,0.927171776478697,0.936803410512343,,,,,0.586008474680464,0.591725401900257,0.608960109547766,0.617462599299689,0.696782644577407,0.745807222364211,0.697251644450448,0.741276270987517,1.20188506714177,1.99419069196606,0.959435457953878,1.57438459377682,FALSE,FALSE,FALSE,FALSE
"Summer",19,2037,TRUE,TRUE,700.252402917334,698.915866095366,707.284802228488,705.888620824601,0.955025766748386,0.956834442387552,0.954950717966678,0.956681843198079,,,,,0.720893278755238,0.716439819709989,0.727094853989628,0.723004495086825,0.810841432106898,0.822507832322545,0.811331538846498,0.822386049616673,1.56438889706383,1.96600097494259,1.46886015555818,1.84080253054078,FALSE,FALSE,FALSE,FALSE
"Summer",20,2037,TRUE,TRUE,720.450410685196,719.257570705558,726.210065131612,724.813190140782,0.941694896115628,0.943377371273713,0.941519873532069,0.943351964769648,,,,,0.645188753936012,0.639830090582895,0.655186279851225,0.65006606651975,0.746404100220381,0.758647268586462,0.745177595070373,0.757028002849451,1.31305412536785,1.61959156360197,1.16182703923019,1.4482766326011,FALSE,FALSE,FALSE,FALSE
"Summer",21,2037,TRUE,TRUE,752.338489448945,751.720032269637,758.536126486518,757.84017077504,0.942097850184067,0.944541053958956,0.942247849167124,0.944647832896048,,,,,0.65966034523693,0.651220979146216,0.665918659082901,0.658538429609817,0.760696059593894,0.775290301833167,0.761254948164438,0.775418917902594,1.3890041946829,1.81644011988335,1.31371861750778,1.71217179245091,FALSE,FALSE,FALSE,FALSE
"Summer",22,2037,TRUE,TRUE,764.713833126077,762.61636129595,770.793646836551,768.700898955759,0.936436722691343,0.938929506029622,0.936215501659158,0.938832384600858,,,,,0.62207928632004,0.619496326352176,0.632639015365113,0.629758628219688,0.720051567843112,0.73588408223788,0.721178491660602,0.735443245785852,1.15134021107025,1.44974362955928,1.0446941606963,1.31423012270321,FALSE,FALSE,FALSE,FALSE
"Summer",23,2037,TRUE,TRUE,729.151461327044,729.067659971838,731.364385423439,731.6951790612,0.943923828614382,0.945622094156296,0.943781842478911,0.945466187811465,,,,,0.644576868397289,0.643512306018895,0.669305434432499,0.667829932256071,0.756393640641997,0.769580588490584,0.754593838280293,0.76598862804781,1.51006909996156,1.79996998714884,1.14336005268353,1.37997210407537,FALSE,FALSE,FALSE,FALSE
"Summer",24,2037,TRUE,TRUE,803.922691123506,804.636387602781,807.580647005444,808.926227081924,0.926911811694536,0.928347001810629,0.926626903823623,0.928035467035893,,,,,0.558634144762863,0.5577224652732,0.587046447768098,0.585277406625037,0.70916858176333,0.717731551255832,0.708467062439061,0.716738299068915,1.70283681974408,1.86492254241723,1.37019787308364,1.52681777824825,FALSE,FALSE,FALSE,FALSE
"Summer",25,2037,TRUE,TRUE,706.775736440832,700.301641763577,709.678370349113,704.823689116428,0.936806561990727,0.941046117949859,0.936599094358684,0.940643209794878,,,,,0.644225952043386,0.641005147966694,0.669282591343788,0.664147792858748,0.73250483576211,0.758508144866645,0.734302418126581,0.757966887117866,1.08572387561463,1.60075529214643,0.805075660391496,1.2752488486385,FALSE,FALSE,FALSE,FALSE
"Summer",26,2037,TRUE,TRUE,876.689039896545,873.538971182497,884.187407490903,880.48507279749,0.922566748606615,0.925526322194368,0.922554579307324,0.92559690413026,,,,,0.595880034161568,0.588690145886552,0.599559122224665,0.593273816659756,0.712774697540828,0.730973659578796,0.712762202647152,0.730573189353345,1.33890720893321,1.73995600919074,1.29656754908447,1.67651032915781,FALSE,FALSE,FALSE,FALSE
"Summer",27,2037,TRUE,TRUE,755.308557038187,757.179501391936,759.417959272347,761.654597088904,0.938251366120219,0.939309944299253,0.938647342995169,0.939381220136744,,,,,0.640977165249366,0.637099201459274,0.664073535490158,0.659985921330377,0.770116922284509,0.776453315935582,0.772209490426297,0.777517450696652,1.84812547180626,2.05083185390932,1.56175528522681,1.73794859137248,FALSE,FALSE,FALSE,FALSE
"Summer",28,2037,TRUE,TRUE,712.157536498584,714.315504772125,718.749934614612,721.000900146887,0.952212384843716,0.952848083420058,0.952140612423806,0.952807070608681,,,,,0.701023955068957,0.699673553367905,0.708430517139579,0.706843364725915,0.802991358776337,0.808576212862801,0.801555659296688,0.807048629095615,1.70276445768594,1.87163463070696,1.54385575594043,1.70852430088126,FALSE,FALSE,FALSE,FALSE
"Summer",29,2037,TRUE,TRUE,719.007906001578,720.57538171987,726.815789886121,728.167951802212,0.944537819741735,0.945606142996029,0.944504863754456,0.945652830644674,,,,,0.647633517688952,0.642276529906417,0.648660946336164,0.643701147486033,0.757338646776824,0.764148426000905,0.757935259082725,0.764596083386591,1.48732133689749,1.69997791643295,1.48513194434766,1.68955726338958,FALSE,FALSE,FALSE,FALSE
"Summer",30,2037,TRUE,TRUE,752.696988061109,752.80531078965,759.7145221578,759.906253036656,0.93001707384865,0.931917319462486,0.93027233072215,0.931883285212686,,,,,0.619423201531767,0.618434238659351,0.624379243992023,0.62267612500824,0.724449765845899,0.733651182445033,0.722707335694185,0.731638144657824,1.25394031396636,1.42312834463464,1.16658858014857,1.33577357993481,FALSE,FALSE,FALSE,FALSE
"Summer",31,2037,TRUE,TRUE,741.85121967507,741.714219195851,746.130630795951,746.430589147847,0.925755399988033,0.928032070843056,0.925827200382935,0.928397056183809,,,,,0.600289934781269,0.596190674791393,0.616470331510704,0.612054867242479,0.69742511363665,0.711574945557606,0.696051462476248,0.708711932231195,1.05614161643768,1.3161097819932,0.861367614860125,1.0916650326212,FALSE,FALSE,FALSE,FALSE
"Summer",32,2037,TRUE,TRUE,777.169701853303,773.797419718505,779.896967894942,778.135769003615,0.924992343884852,0.92838887496868,0.925298588490771,0.928394443052423,,,,,0.600988694760677,0.603321706484862,0.622078287789764,0.619751547850151,0.693017196778147,0.709033638211475,0.6916605478008,0.704520885655507,0.986249499977004,1.19525265189127,0.742417028531907,0.943822861318171,FALSE,FALSE,FALSE,FALSE
"Summer",33,2037,TRUE,TRUE,737.202789127919,728.612943572555,742.299521240505,734.540532662054,0.941450757718197,0.946489677734742,0.941157984646873,0.946094836987177,,,,,0.65150106646118,0.654868431505487,0.66564415655176,0.666709933334773,0.747445766257817,0.777814320305608,0.744034946299801,0.772359815635755,1.24981238992116,1.82044028350011,1.00754129299788,1.5268577561624,FALSE,FALSE,FALSE,FALSE
"Summer",34,2037,TRUE,TRUE,783.470736845857,780.305420845069,787.383920445853,783.851814986652,0.931152666383742,0.934585363495227,0.931131178451902,0.934582677503747,,,,,0.643420896567407,0.645833805682121,0.65573511417779,0.658519823978169,0.731634082636328,0.752967982432869,0.728328640961433,0.747656649895502,1.08139570281834,1.42676774287497,0.87908836368813,1.16210077659207,FALSE,FALSE,FALSE,FALSE
"Summer",35,2037,TRUE,TRUE,826.570928031511,816.056964405421,827.857505059958,819.479800309702,0.932635130704944,0.936831407517993,0.932382950608006,0.936617054435596,,,,,0.61468152599003,0.617760319508732,0.646621107674063,0.644163842478273,0.724727284088177,0.749847534376251,0.72372421767311,0.746610699053962,1.31519039806163,1.73713866052785,0.918137168804105,1.33011396924565,FALSE,FALSE,FALSE,FALSE
"Summer",36,2037,TRUE,TRUE,804.640057146554,806.629051207513,811.522825897947,813.163023825199,0.924120740689011,0.925439562505708,0.924241610305612,0.925509398284189,,,,,0.627556237031448,0.623401386253687,0.629668144669757,0.625656019155949,0.703608114252886,0.71160225010421,0.701318609893443,0.708854410312345,0.844154848395802,1.00614242465894,0.789204115528677,0.940119807872978,FALSE,FALSE,FALSE,FALSE
"Summer",37,2037,TRUE,TRUE,742.211418584844,745.984101138264,748.885124512965,752.709002285234,0.943279972359783,0.94363856228995,0.943332321254698,0.943580978505544,,,,,0.65596983747572,0.655408960637662,0.663418238966728,0.662851892513131,0.742833801001278,0.74373722364039,0.741445937695498,0.742252269571299,1.11123073981716,1.13394673188768,0.992832358948288,1.01345905103679,FALSE,FALSE,FALSE,FALSE
"Summer",38,2037,TRUE,TRUE,782.730939558171,776.733926309487,789.659292962902,783.97278275123,0.929992544466929,0.934188944509532,0.929854084567047,0.93418628181915,,,,,0.602892281199193,0.604077340539847,0.609433381206714,0.608313895271004,0.722399020190762,0.746277140960812,0.720748017483687,0.744130650568921,1.4162825096674,1.84381728077033,1.31139794031805,1.74627877965914,FALSE,FALSE,FALSE,FALSE
"Summer",39,2037,TRUE,TRUE,824.649237039476,826.01818268683,831.122709380041,832.387063267176,0.918880371311462,0.920902922895929,0.918652062035659,0.920873376989648,,,,,0.570089486944599,0.565272649438787,0.576875803277524,0.571072321844345,0.67289486144208,0.688806466098821,0.672193564193805,0.687638509134316,1.03396763200682,1.30597175901737,0.956609846425294,1.22770378630531,FALSE,FALSE,FALSE,FALSE
"Summer",40,2037,TRUE,TRUE,807.27370860208,808.659675802216,811.568197768097,813.365868275001,0.939381251011105,0.940492277532998,0.939212336914629,0.940399493733525,,,,,0.634366450169753,0.633567502818911,0.655732925147883,0.653511352377703,0.74587784118067,0.753328504095472,0.746396650067851,0.752716768578951,1.44362763772913,1.59725751982232,1.17613469844239,1.31983368049276,FALSE,FALSE,FALSE,FALSE
"Summer",41,2037,TRUE,TRUE,723.956649992913,725.062996064608,727.390863294819,729.345540004939,0.949760765550239,0.950600965313622,0.949841906337357,0.950548616418707,,,,,0.648106497931942,0.64579074586759,0.677206666532238,0.673145558547403,0.789927545335084,0.795189510086468,0.794707362980754,0.799453931429599,2.2210077246123,2.39979033214951,1.88297935350147,2.07203209679641,FALSE,FALSE,FALSE,FALSE
"Summer",42,2037,TRUE,TRUE,647.464561007755,647.967838065705,654.788249461496,655.12808759147,0.949030226471886,0.950767901070408,0.949108799584167,0.950761856984847,,,,,0.690923407576549,0.688583984182329,0.694758534372129,0.692490160889595,0.776614790839508,0.786809822360946,0.776084682058878,0.786008964131436,1.26200544874315,1.51578303704293,1.19488163726818,1.4377449477637,FALSE,FALSE,FALSE,FALSE
"Summer",43,2037,TRUE,TRUE,761.991774179593,765.653727599115,768.151279096693,771.834901064754,0.942872141095388,0.943274007766073,0.942814372761477,0.943047957763813,,,,,0.68144661564527,0.680508231175564,0.689888919861198,0.689233582876533,0.753311382381884,0.754944899198973,0.751536281030809,0.752548626090526,0.958396898507578,0.999313302633862,0.816262792329577,0.841774041349767,FALSE,FALSE,FALSE,FALSE
"Summer",44,2037,TRUE,TRUE,720.541537497425,719.657956652741,727.660234339346,726.840891029264,0.930998402508827,0.933220742627077,0.930915875289582,0.933105794000271,,,,,0.634474458283615,0.633253389417508,0.639848151706479,0.63806968991171,0.74429872372998,0.75680257263998,0.743925107379062,0.755825309350216,1.41300566218953,1.67131916336492,1.3371067206742,1.58657090513155,FALSE,FALSE,FALSE,FALSE
"Summer",45,2037,TRUE,TRUE,754.537468316565,752.685761802657,761.343593927768,759.759981946031,0.933672128029714,0.935979549255752,0.933490331205844,0.935702658708627,,,,,0.643251056086096,0.638032991736675,0.649998942451673,0.644298254883788,0.73087266305818,0.742621882445083,0.730525025482889,0.741898213756106,1.07110461492459,1.33688000343248,0.983097576947636,1.24404793634671,FALSE,FALSE,FALSE,FALSE
"Summer",46,2037,TRUE,TRUE,840.288284032089,832.956731247006,844.171037531784,838.155967536093,0.913509005134621,0.919623634894571,0.913621080616155,0.919594964422551,,,,,0.594729104256397,0.601741572877026,0.609727065204136,0.6125777206986,0.673927741428396,0.699633115181865,0.671779278153195,0.694671492677103,0.79906543968424,1.07218965160582,0.621970474191255,0.884547881804598,FALSE,FALSE,FALSE,FALSE
"Summer",47,2037,TRUE,TRUE,737.303785883937,739.172195789834,743.922394862859,745.934960730077,0.941070969646929,0.942090758471356,0.940980747043159,0.941899377190632,,,,,0.636129719771527,0.636408681486976,0.643612109312196,0.643122861316162,0.751032451138424,0.757345294931135,0.749830601256954,0.755718942869441,1.51832974267994,1.63963649769002,1.39683284052372,1.51639371890892,FALSE,FALSE,FALSE,FALSE
"Summer",48,2037,TRUE,TRUE,711.526879194736,714.083764586223,714.88003837523,717.830268327998,0.93225793008192,0.933463516860354,0.931725090493427,0.932778862640503,,,,,0.680590164594516,0.680712836983726,0.695174860612511,0.6952272506697,0.741413254287344,0.746702652377026,0.741643394776091,0.746136141132482,0.77382134966714,0.857086711914843,0.591722242331893,0.659737613705591,FALSE,FALSE,FALSE,FALSE
"Summer",49,2037,TRUE,TRUE,690.943695928063,690.594654272702,696.580257085446,696.035186765319,0.949439969101744,0.950835908188038,0.949470315603619,0.950794526594571,,,,,0.684661881651944,0.685085702444145,0.694452106506991,0.695367692522818,0.771493527136553,0.777356347253224,0.770662186877886,0.775241920662047,1.25013816850142,1.36342649021424,1.09323932004681,1.16914897401186,FALSE,FALSE,FALSE,FALSE
"Summer",50,2037,TRUE,TRUE,798.438606053246,792.83418744256,802.916279789897,798.238714461698,0.935826892230707,0.937757925281479,0.935385661560503,0.937643724402133,,,,,0.604826225640065,0.610971898456425,0.626067381469875,0.628938973302934,0.725723653597377,0.744150089407976,0.726493506363406,0.743858579999324,1.45013086581938,1.71248325043778,1.20797390835204,1.47602192572524,FALSE,FALSE,FALSE,FALSE
"Fall",1,2037,TRUE,TRUE,679.266056274345,663.264572525488,668.356468117913,656.079243331067,0.919530568154179,0.926916858626758,0.91832157726811,0.926154979754768,,,,,0.455097030345616,0.476806297844493,0.58914695560058,0.60080438013244,0.640937890831012,0.685960201462932,0.641451181450374,0.682139136333796,1.7027469878809,2.1910877721802,0.479917927430231,0.841816823570364,FALSE,FALSE,FALSE,FALSE
"Fall",2,2037,TRUE,TRUE,698.479850110156,679.822635329128,699.78858442944,681.929697515082,0.91494860392214,0.923481810891594,0.913377560691113,0.923069913246337,,,,,0.458578116786869,0.471270277747333,0.522592969772215,0.534645467505794,0.623497097271478,0.681568273004747,0.617258165462735,0.67722083713539,1.44105581817845,2.17268762665698,0.813697334781536,1.45317362196384,FALSE,FALSE,FALSE,FALSE
"Fall",3,2037,TRUE,TRUE,713.79159692594,682.762219959468,710.268713564156,678.716360068775,0.914458237952691,0.928783676703645,0.914091389329107,0.929139519868522,,,,,0.339438695979271,0.39534599011112,0.483834530197004,0.550351208325834,0.596371918553308,0.700188383896827,0.619060590371098,0.721768988622417,2.09419626703022,3.34507144903353,1.1678390184031,2.02688366819541,FALSE,FALSE,FALSE,FALSE
"Fall",4,2037,TRUE,TRUE,693.45710510698,671.334034520505,690.359633563396,669.152996951098,0.926835834730572,0.935846317425265,0.925643070379912,0.934691039954198,,,,,0.455739013135652,0.486304938960867,0.543997997702237,0.574184718474594,0.640745573282451,0.7032399053269,0.639028708932037,0.698824448543501,1.69419537098775,2.40493060132733,0.866103527713992,1.36149257190105,FALSE,FALSE,FALSE,FALSE
"Fall",5,2037,TRUE,TRUE,787.486400473616,767.677758201078,782.205828440239,764.511475290282,0.901218986045733,0.910755797106116,0.899863483865982,0.910221323562556,,,,,0.38750815611204,0.42198897064542,0.496699665181671,0.525508602210818,0.570896157959264,0.633851069886275,0.576375723787211,0.638054226269164,1.40600545665156,1.90359253218095,0.618764648164824,1.02297164119365,FALSE,FALSE,FALSE,FALSE
"Fall",6,2037,TRUE,TRUE,649.073311989711,626.373940152444,650.974777911039,631.26247864418,0.918897426046869,0.930238186707645,0.916546292739147,0.929028044563965,,,,,0.464029271693917,0.491838053149375,0.522062644154479,0.530484057899035,0.626403447013539,0.705668160188997,0.618684569771989,0.70238219410826,1.42985694286808,2.39006712840254,0.833623212979746,1.90016252173517,FALSE,FALSE,FALSE,FALSE
"Fall",7,2037,TRUE,TRUE,757.416091695042,724.934036252596,750.914524844041,720.864103598298,0.918489307313423,0.92793191595486,0.917597730531829,0.927324022694682,,,,,0.42621503792268,0.464065709474171,0.560938628115494,0.591794997157552,0.634633104019845,0.703641160266074,0.639208398121283,0.708993277862759,1.8766559359471,2.65951790702064,0.713700709309613,1.32494152088431,FALSE,FALSE,FALSE,FALSE
"Fall",8,2037,TRUE,TRUE,725.081429138434,692.722738274204,724.263859959837,695.885924394596,0.905325402231851,0.921488415863139,0.901515523937272,0.91887943929828,,,,,0.368441037156496,0.437405226811687,0.474276616519867,0.506170805514543,0.594566276325542,0.685183007535206,0.579638051958534,0.674344305368814,1.83487996959039,2.58930186283234,0.82458755028887,1.69893739683978,FALSE,FALSE,FALSE,FALSE
"Fall",9,2037,TRUE,TRUE,661.221212441726,622.518440822313,658.06040172425,622.663279228996,0.923444270434642,0.935133749552295,0.92232413110195,0.934631618127296,,,,,0.452064509030455,0.495320664160252,0.558851431188104,0.585913816545657,0.660575532363421,0.733227445796594,0.659083159854066,0.734771674713916,2.02099093198565,2.93389228900541,0.967242245886964,1.8464193954768,FALSE,FALSE,FALSE,FALSE
"Fall",10,2037,TRUE,TRUE,723.903089581206,699.726775781782,716.366448145293,697.629686868639,0.891555987474355,0.903239390994493,0.888334593096498,0.899931612856783,,,,,0.41054414234581,0.446168323592511,0.518081156907301,0.534364094211921,0.557894450533074,0.629618815527127,0.562107397712522,0.61650881616066,1.09648721663896,1.62947782670322,0.330767238165063,0.70469756406114,FALSE,FALSE,FALSE,FALSE
"Fall",11,2037,TRUE,TRUE,663.822074823016,632.369569296082,661.704090580001,632.714494243417,0.915392619569661,0.922984874948902,0.912423352781597,0.920725407856108,,,,,0.422385555193703,0.464719679835626,0.519928964410357,0.541455493240929,0.621766465418113,0.691255516071323,0.611776897964127,0.677835464096483,1.73421138805101,2.41388289529494,0.778334901142756,1.39268004448043,FALSE,FALSE,FALSE,FALSE
"Fall",12,2037,TRUE,TRUE,679.065551242908,645.948014690473,674.298745709147,647.46129961118,0.933209368104707,0.944559388729204,0.929768678264399,0.942352894959111,,,,,0.501141072076966,0.548571646203924,0.601478570148992,0.609836760633768,0.654324590027853,0.716620904540835,0.649024099313279,0.706738688205022,1.45788088992144,1.95095512955217,0.445667411897141,1.08706655391795,FALSE,FALSE,FALSE,FALSE
"Fall",13,2037,TRUE,TRUE,726.808683901891,696.656775286924,720.250193998633,690.735177464405,0.919968830464833,0.929912589781813,0.919575823282288,0.930874779780458,,,,,0.442310598293312,0.475274858119603,0.548473787178167,0.589203247377207,0.640314248184084,0.712005278200323,0.637644453943434,0.713312593553376,1.81104170749749,2.70425742677962,0.80959085142775,1.4242110880964,FALSE,FALSE,FALSE,FALSE
"Fall",14,2037,TRUE,TRUE,628.160471546992,603.427687932064,627.693311603381,605.286972430754,0.931753230392686,0.940539178634417,0.930032753842278,0.939581758629378,,,,,0.481196072296966,0.515036490480695,0.588997410620834,0.604687369728785,0.698360415502123,0.74861740563516,0.701018629362973,0.753795479798089,2.36852883110509,3.05689584972232,1.23263545501979,1.99243303652761,FALSE,FALSE,FALSE,FALSE
"Fall",15,2037,TRUE,TRUE,695.087290694913,669.882188204504,694.03700351797,671.755286498773,0.919682162352527,0.927415331337677,0.915661501438047,0.925401332394201,,,,,0.366881266720581,0.391230891786145,0.482580405264672,0.490011170089774,0.630348396763973,0.711328968128268,0.612270706962571,0.703135831370067,2.34483526601331,3.64802957258093,1.1004172201253,2.36186143611337,FALSE,FALSE,FALSE,FALSE
"Fall",16,2037,TRUE,TRUE,744.380062602295,705.16640724794,744.72568784889,709.308450769447,0.913249074018258,0.925141157795326,0.910593365081279,0.923644181887596,,,,,0.406499610727564,0.480112710134292,0.484931939355828,0.525606106267575,0.584272165058815,0.676757405267438,0.577954499889852,0.668396239954685,1.40680563672849,2.00139191653953,0.725116030228625,1.41663264179908,FALSE,FALSE,FALSE,FALSE
"Fall",17,2037,TRUE,TRUE,754.999866873727,734.11897889646,754.759612752338,736.310884543114,0.904750035367587,0.912419749260649,0.903631745946201,0.912113230172257,,,,,0.427663098720484,0.465153736561155,0.495075956104814,0.514852101685941,0.586561732675366,0.640746388604426,0.580846358792453,0.633600634363022,1.2644101759589,1.60799126896542,0.673197813106102,1.06623277826466,FALSE,FALSE,FALSE,FALSE
"Fall",18,2037,TRUE,TRUE,749.779093122329,723.356743292248,748.606526886231,724.802969620448,0.90633215882911,0.918745765008809,0.903801328093238,0.916868816912861,,,,,0.428661730188847,0.45328409097605,0.518048765408507,0.528582829124132,0.621043532591701,0.694230437003635,0.612313710756125,0.683464107089925,1.67014107334472,2.59241534035927,0.799923155468311,1.60973523792632,FALSE,FALSE,FALSE,FALSE
"Fall",19,2037,TRUE,TRUE,684.347345426727,665.557456210827,686.079905130719,667.938403347428,0.922349620387898,0.93076036943971,0.920897865145074,0.929372612687869,,,,,0.483158252836925,0.497557574596734,0.548766807910501,0.559097234852277,0.650004521949766,0.688095548322918,0.648882741030425,0.683301684470937,1.56831233088587,2.00973344449032,0.938057613610704,1.29023818829328,FALSE,FALSE,FALSE,FALSE
"Fall",20,2037,TRUE,TRUE,724.676322858919,707.401595917368,722.039588539492,705.936612009693,0.898848216535291,0.906928697404888,0.897098945398265,0.9056077457438,,,,,0.416567922730956,0.465335407949968,0.503949194254681,0.541614599914894,0.592995658387397,0.631292110596947,0.590762347670664,0.627684620111486,1.42608794573697,1.48078108254091,0.697892350284305,0.760535374058851,FALSE,FALSE,FALSE,FALSE
"Fall",21,2037,TRUE,TRUE,730.479494600467,714.993960985504,725.874848275907,712.81029648472,0.913135210078968,0.918617423861863,0.91126985083824,0.917030026590579,,,,,0.420929249589742,0.448928424196314,0.530045954773958,0.543746957611443,0.604603307504432,0.641353140739359,0.60205833324811,0.635659129234705,1.52824604147898,1.76511218973327,0.595341601465227,0.829934132525613,FALSE,FALSE,FALSE,FALSE
"Fall",22,2037,TRUE,TRUE,683.825992179779,669.512526689485,680.347476687741,668.887439143312,0.917109009485928,0.921454938262773,0.915034409740603,0.920296023922281,,,,,0.422596411718585,0.45244557228711,0.530467922706893,0.54265094272989,0.618060306084108,0.663509279661357,0.616939826954679,0.65978227584574,1.68364390401099,2.06356883890158,0.74265398040004,1.13264716361602,FALSE,FALSE,FALSE,FALSE
"Fall",23,2037,TRUE,TRUE,717.907808955285,682.257289343116,714.554381300678,679.023278361816,0.919459931928644,0.931984928948867,0.918277953621423,0.931802831450556,,,,,0.438814470974357,0.485969286456069,0.542717706796133,0.58446959261892,0.650752901007007,0.713328592622667,0.643922847175407,0.710333713691139,1.99643601702208,2.60919686096307,0.935054562357938,1.42949449301693,FALSE,FALSE,FALSE,FALSE
"Fall",24,2037,TRUE,TRUE,617.336090444535,589.964813170787,616.235634083982,590.557793368809,0.931534057717023,0.938380651945321,0.928691046461814,0.936596954472875,,,,,0.448956445074567,0.49641199105573,0.556891415388079,0.587692130873949,0.671390983160622,0.725060959000501,0.662643370854162,0.719678170405708,2.22690267516443,2.7359699470452,1.03128250138385,1.54899340581777,FALSE,FALSE,FALSE,FALSE
"Fall",25,2037,TRUE,TRUE,773.745080032331,743.163147506321,769.647802416317,742.708528185903,0.914132079684438,0.922849115582128,0.912686992979235,0.922591728894292,,,,,0.431825155453561,0.464663714237118,0.531571477674377,0.551756831463504,0.613279977506847,0.686375029502963,0.616608671644602,0.692631953684178,1.54365536320078,2.32571083168881,0.729701310203506,1.50783590220108,FALSE,FALSE,FALSE,FALSE
"Fall",26,2037,TRUE,TRUE,661.178670713395,630.328333660394,655.951245989536,627.313022456232,0.932187807890318,0.938990882977395,0.930727280296407,0.938255415400413,,,,,0.489697035202108,0.527711288047963,0.593787509259961,0.620740381743598,0.676545251986535,0.73302219849465,0.671828593475973,0.725261855739358,1.90043892696693,2.52996997492029,0.782349927438254,1.25159856310095,FALSE,FALSE,FALSE,FALSE
"Fall",27,2037,TRUE,TRUE,728.48116153588,689.476405513873,728.984357504775,693.946271219019,0.90887834256137,0.925561661324119,0.905887903639871,0.923709115634931,,,,,0.351333863895088,0.425521447347929,0.453621357214651,0.482460235771581,0.606124395135224,0.706249229741341,0.586957960902884,0.690571464677523,2.12815223675064,3.14401689815524,1.06202226893931,2.21265469110194,FALSE,FALSE,FALSE,FALSE
"Fall",28,2037,TRUE,TRUE,703.133673013613,662.689944680838,700.711581184842,661.252522500851,0.92169169120842,0.933195853535737,0.919436378809719,0.930571552717065,,,,,0.406150234974309,0.474563057648293,0.528646416913761,0.583806325517176,0.63837274901012,0.707438166485844,0.633887488716142,0.698722609300282,2.11262134355756,2.61868881013389,0.945690840404737,1.25485493346449,FALSE,FALSE,FALSE,FALSE
"Fall",29,2037,TRUE,TRUE,787.773535494681,756.965260225794,786.443632114723,757.510184170077,0.902972050243318,0.913020076944635,0.900694922163622,0.911911768452699,,,,,0.396512516547529,0.443896799564492,0.484312619943684,0.516612605712624,0.578333471334067,0.639999145972918,0.577899185035943,0.633913680244291,1.41857824732483,1.79208147196129,0.729416877021058,1.05413681507577,FALSE,FALSE,FALSE,FALSE
"Fall",30,2037,TRUE,TRUE,765.793518193009,743.874528695369,762.989246672257,744.556020249744,0.884249516551018,0.893275082470709,0.881121317256285,0.892023802752815,,,,,0.390623950522947,0.430379252449901,0.478380488935217,0.501865797497662,0.558288053870237,0.624848280509975,0.551680260183884,0.616851171484358,1.24876131515133,1.70538324941037,0.537889725170573,0.987310124855471,FALSE,FALSE,FALSE,FALSE
"Fall",31,2037,TRUE,TRUE,723.395531072513,680.697441856521,716.417809259824,678.900892742494,0.924392741900655,0.933104435436603,0.921971113208828,0.931611354816419,,,,,0.477270841436869,0.50989503472171,0.592999802810905,0.596826528180092,0.650024137620054,0.71511094152699,0.643035046258621,0.700814951058851,1.62392789102435,2.36981116770513,0.461135893748383,1.14346689419456,FALSE,FALSE,FALSE,FALSE
"Fall",32,2037,TRUE,TRUE,749.386697525467,724.725084851331,742.478900579411,719.999590139201,0.890175525017567,0.903240294690785,0.887592996385184,0.903070057880516,,,,,0.392212368424509,0.44797694894061,0.500506238848035,0.547221758758938,0.552801038601288,0.630911317681657,0.553310778036334,0.632171592217871,1.18138813872654,1.63058359443257,0.388905669195294,0.759793817297845,FALSE,FALSE,FALSE,FALSE
"Fall",33,2037,TRUE,TRUE,685.874777660949,647.635168411699,682.146747569096,648.704427670363,0.933866894245313,0.94606108543913,0.932291883490834,0.945172973648058,,,,,0.479270548732291,0.537483232574577,0.588897123473593,0.621624963059521,0.677539952447141,0.757989943355263,0.671766459125101,0.755173016571722,2.02282483711887,2.99755312287905,0.830595148484225,1.79455499314151,FALSE,FALSE,FALSE,FALSE
"Fall",34,2037,TRUE,TRUE,725.267855462234,706.686921084203,722.799207359242,705.127135751944,0.923711374533831,0.93072389451252,0.922246270644646,0.929731619605754,,,,,0.461886022919083,0.490028325595071,0.544598895494222,0.566377566315566,0.627581200350914,0.660220540852338,0.630069609422533,0.659603509329905,1.46371580772457,1.64786284310017,0.760108888804957,0.901011225329913,FALSE,FALSE,FALSE,FALSE
"Fall",35,2037,TRUE,TRUE,679.692190429551,656.179992625264,677.228983203395,654.866087296923,0.932205647309536,0.936307938199254,0.930191129461907,0.935235748534896,,,,,0.456266330407648,0.477793179473049,0.567540257545299,0.583981066482854,0.67854853559571,0.719489257501757,0.67351483350196,0.715420341514708,2.27492864246619,2.83464447052703,1.06786591305642,1.51949680713316,FALSE,FALSE,FALSE,FALSE
"Fall",36,2037,TRUE,TRUE,764.110402955249,732.12171989934,758.709597401073,728.138750956358,0.899481637078195,0.908236210868681,0.898563490987939,0.907135113158965,,,,,0.430257998288175,0.497416133628411,0.520985784934446,0.576405191851518,0.571976899853549,0.645757026520462,0.571212261052708,0.640145574992192,1.08927882173382,1.37764758367977,0.385361959404471,0.582728572309654,FALSE,FALSE,FALSE,FALSE
"Fall",37,2037,TRUE,TRUE,715.858109084319,691.924845849064,705.895570922662,687.675429479531,0.899335714233971,0.908756691755467,0.895764363278109,0.906514636743623,,,,,0.433284442094007,0.463173570556379,0.544594887297446,0.55601775931734,0.578219152700445,0.644042577776242,0.573455245758619,0.629837928287863,1.13048301966161,1.6716470737107,0.222595103290716,0.65608726576687,FALSE,FALSE,FALSE,FALSE
"Fall",38,2037,TRUE,TRUE,728.141003813125,704.929479585892,726.7661810123,703.84943306329,0.906435551485843,0.916325669237263,0.904275106233815,0.915338445910177,,,,,0.382300664351024,0.417178643949469,0.48022840314408,0.514496245663914,0.601863614122853,0.667067862451051,0.591758561107124,0.660480965832591,1.81428570062329,2.46927972455591,0.898780666714767,1.41456127803642,FALSE,FALSE,FALSE,FALSE
"Fall",39,2037,TRUE,TRUE,692.183842242047,655.434923335896,685.381240635373,652.071904278968,0.916848373332947,0.92927203842281,0.91411371818926,0.92823250726223,,,,,0.394935176058761,0.443273798816309,0.528370709681925,0.558642256637188,0.587728897054025,0.670384509780548,0.5924695576351,0.667083563585895,1.53846804820133,2.26677541860963,0.517450318715032,1.07161305686687,FALSE,FALSE,FALSE,FALSE
"Fall",40,2037,TRUE,TRUE,651.344059783926,639.332912125299,649.78233803286,638.475716819878,0.922422938083354,0.927700315192588,0.920198273690959,0.925662629454099,,,,,0.430649770130794,0.461832720768909,0.520755535063427,0.546528587370851,0.603241067817959,0.636091693778192,0.601436516219407,0.63625842026638,1.43110227485397,1.57536674077586,0.665966150191874,0.81156330299412,FALSE,FALSE,FALSE,FALSE
"Fall",41,2037,TRUE,TRUE,715.936602702599,697.316449489214,714.854169115648,697.008977443083,0.914374302107547,0.919206000294958,0.912460584438842,0.918205248853525,,,,,0.395208380482661,0.427191766764172,0.492039623006219,0.516574629892437,0.606344391467139,0.643410833654025,0.601623112165907,0.641217255190004,1.76451095667713,1.99482285271768,0.904960202198965,1.1429139416498,FALSE,FALSE,FALSE,FALSE
"Fall",42,2037,TRUE,TRUE,626.521940170928,586.565287794594,626.1992097498,591.268177934679,0.923765303801539,0.940761248931381,0.920326115089293,0.938314209300319,,,,,0.473366937409972,0.542091194185906,0.554906532315114,0.580731426509599,0.65319828653765,0.749885726136865,0.645221112443144,0.725330325994008,1.70593570322426,2.73321709498238,0.837487994895897,1.73193969557391,FALSE,FALSE,FALSE,FALSE
"Fall",43,2037,TRUE,TRUE,752.589738521149,714.697275129704,750.345241264209,715.551414653859,0.898600446740193,0.91175485131928,0.894537903113221,0.908386849085579,,,,,0.396111340422738,0.452921869009679,0.482130480163331,0.522910627689246,0.546187317914058,0.636578548603084,0.542249943392972,0.618419470643737,1.08796028729873,1.66254979009195,0.432081008924744,0.82344741083165,FALSE,FALSE,FALSE,FALSE
"Fall",44,2037,TRUE,TRUE,834.580460425788,799.900192104425,832.028110090586,798.850325651712,0.89064542509965,0.907371871236952,0.887377409155596,0.90581352668826,,,,,0.346747032209699,0.397998304977732,0.441533777455677,0.485662818750574,0.542004844029094,0.629072471638343,0.52941940270222,0.614998942074793,1.40257477526838,2.04946648412686,0.614415722979003,1.10518862715137,FALSE,FALSE,FALSE,FALSE
"Fall",45,2037,TRUE,TRUE,721.706418532464,706.4607812823,721.350485135295,707.671118764781,0.905216548566292,0.911698608779926,0.902604060592866,0.909058029537969,,,,,0.384912035707819,0.413893988317582,0.486695269068391,0.505884491079267,0.626996898332448,0.664300201357989,0.620021779924606,0.659245195670557,2.13517601231332,2.45398842684368,1.15434679218129,1.48064381950232,FALSE,FALSE,FALSE,FALSE
"Fall",46,2037,TRUE,TRUE,679.50511600285,657.227802201128,677.506827895026,659.22863519269,0.920354909177963,0.931408414878655,0.915391118293084,0.928909686686417,,,,,0.437368150060882,0.450950610628072,0.519027832807211,0.519985793153646,0.616177870530599,0.684455718368708,0.604510194174835,0.674839283135709,1.53263805341732,2.43452680885185,0.711082036791588,1.56675617828796,FALSE,FALSE,FALSE,FALSE
"Fall",47,2037,TRUE,TRUE,605.06837991301,567.889503842314,605.776025597352,570.742856936824,0.936200137654487,0.945895801538139,0.934715115061196,0.944186342280875,,,,,0.473931302293997,0.487790620889886,0.559729020164371,0.556370006371619,0.680585446938344,0.746349459897987,0.67696899906049,0.736704593621856,2.12847185153302,3.35352916968445,1.1940156500267,2.25327520961692,FALSE,FALSE,FALSE,FALSE
"Fall",48,2037,TRUE,TRUE,801.593664325043,777.993120950161,797.169850066093,778.011206555301,0.887288552354134,0.898909330979985,0.882084464534731,0.896824327510593,,,,,0.421098015960444,0.457514326484074,0.495093414964523,0.514781001679149,0.536036659505635,0.610037619089398,0.527791817326806,0.595452361156543,0.81500616045804,1.28674340026592,0.227809334741891,0.656036791131428,FALSE,FALSE,FALSE,FALSE
"Fall",49,2037,TRUE,TRUE,724.469019386943,681.042414111168,722.343321792975,682.313910613704,0.918795438300503,0.931790228793313,0.917610581288274,0.931555189222953,,,,,0.465678610402432,0.526287010133509,0.544638882214737,0.589406233281801,0.617163180025345,0.710043527376051,0.620777934740353,0.708132865977558,1.30176679030536,2.08491538390075,0.66052971485813,1.33826292855854,FALSE,FALSE,FALSE,FALSE
"Fall",50,2037,TRUE,TRUE,733.465950290274,716.655826618109,726.321628579494,713.322473373354,0.885254133406193,0.898457403209251,0.880845659092755,0.894990437229086,,,,,0.398096098763071,0.422527234841578,0.497551956178729,0.511231352606008,0.543744240392599,0.603970540125477,0.538152851073209,0.590205776355722,1.05020741062291,1.50727309103522,0.289211681014583,0.634014403035484,FALSE,FALSE,FALSE,FALSE
