"Season","Rep","Model","n","Use_Frozen","Use_Hydrologic_Group","Use_Tile","AIC","AUC","RMSE","R2m","R2c","REvar","Singular"
"Pre-growing season",1,"Storm",2246,TRUE,TRUE,TRUE,1940.96125746653,0.774133596191878,,0.140746774766931,0.271786196304021,0.591999787678925,FALSE
"Pre-growing season",1,"Agricultural",2246,TRUE,TRUE,TRUE,1945.67832302183,0.774574050621066,,0.143501151982686,0.27416979617394,0.592263323201616,FALSE
"Pre-growing season",1,"Site",2246,TRUE,TRUE,TRUE,1938.61406956536,0.774084934087804,,0.193208713556464,0.273185652989061,0.362009343310227,FALSE
"Pre-growing season",1,"Full",2246,TRUE,TRUE,TRUE,1942.65593970775,0.774156055624528,,0.196600224172,0.272629325148876,0.34387654766066,FALSE
"Pre-growing season",2,"Storm",2246,TRUE,TRUE,TRUE,1893.38338705093,0.767085183684654,,0.142945402458658,0.279382621205233,0.622883199063657,FALSE
"Pre-growing season",2,"Agricultural",2246,TRUE,TRUE,TRUE,1892.43833495182,0.768804092865675,,0.159933290364958,0.298591062011039,0.650356389434771,FALSE
"Pre-growing season",2,"Site",2246,TRUE,TRUE,TRUE,1889.81043646133,0.767246454340082,,0.188550597833995,0.271367868929557,0.373930670195305,FALSE
"Pre-growing season",2,"Full",2246,TRUE,TRUE,TRUE,1888.69604712774,0.768528752722262,,0.200184772057999,0.282531893724214,0.377593330075051,FALSE
"Pre-growing season",3,"Storm",2246,TRUE,TRUE,TRUE,1794.10626891548,0.770257398928174,,0.13529826536785,0.2713768220592,0.614419800099535,FALSE
"Pre-growing season",3,"Agricultural",2246,TRUE,TRUE,TRUE,1793.54501222575,0.772063380039247,,0.144518895361047,0.273129122317926,0.582098829825424,FALSE
"Pre-growing season",3,"Site",2246,TRUE,TRUE,TRUE,1789.25536927133,0.768708185584283,,0.191720379248826,0.265446568204103,0.330199859076087,FALSE
"Pre-growing season",3,"Full",2246,TRUE,TRUE,TRUE,1787.85229289934,0.770861305240931,,0.196440052832491,0.263589949483889,0.299988172377085,FALSE
"Pre-growing season",4,"Storm",2246,TRUE,TRUE,TRUE,1976.34352764886,0.734728142387661,,0.115592258544464,0.187016403181886,0.289029223146502,FALSE
"Pre-growing season",4,"Agricultural",2246,TRUE,TRUE,TRUE,1977.30306407703,0.73708066248007,,0.122063842133377,0.191763826879948,0.28370885437074,FALSE
"Pre-growing season",4,"Site",2246,TRUE,TRUE,TRUE,1972.81910921122,0.734070868447597,,0.154631826304991,0.19264617403474,0.154903819363012,FALSE
"Pre-growing season",4,"Full",2246,TRUE,TRUE,TRUE,1973.89014489471,0.736557446393128,,0.158022503320347,0.195367872723948,0.152692561702649,FALSE
"Pre-growing season",5,"Storm",2246,TRUE,TRUE,TRUE,2009.60007546583,0.753817361198078,,0.0792268633443771,0.227721077230539,0.632577645069583,FALSE
"Pre-growing season",5,"Agricultural",2246,TRUE,TRUE,TRUE,2009.0287665552,0.756493403817424,,0.0934972751810751,0.252833401895535,0.701576926958953,FALSE
"Pre-growing season",5,"Site",2246,TRUE,TRUE,TRUE,2005.52090808483,0.753038140090293,,0.134780300682187,0.217148745982701,0.34614663005992,FALSE
"Pre-growing season",5,"Full",2246,TRUE,TRUE,TRUE,2005.14887286931,0.755577566021912,,0.144326150740884,0.233769661305946,0.384032503431619,FALSE
"Pre-growing season",6,"Storm",2246,TRUE,TRUE,TRUE,1954.66606220517,0.76930458573237,,0.100671468684056,0.277634057802635,0.805939965866473,FALSE
"Pre-growing season",6,"Agricultural",2246,TRUE,TRUE,TRUE,1958.64625794161,0.770316519661889,,0.104164335325137,0.288358876121308,0.85151873582492,FALSE
"Pre-growing season",6,"Site",2246,TRUE,TRUE,TRUE,1951.07673630656,0.768394738454,,0.165462115557677,0.267486776514685,0.458213818088678,FALSE
"Pre-growing season",6,"Full",2246,TRUE,TRUE,TRUE,1955.18424312968,0.769252266323656,,0.16554408870607,0.271533021149543,0.478662206378276,FALSE
"Pre-growing season",7,"Storm",2246,TRUE,TRUE,TRUE,1951.70043470186,0.766736783415277,,0.130895344138523,0.242975582210221,0.487077028143602,FALSE
"Pre-growing season",7,"Agricultural",2246,TRUE,TRUE,TRUE,1953.92555363321,0.767641542906381,,0.135319115425545,0.24900749384042,0.498033962058275,FALSE
"Pre-growing season",7,"Site",2246,TRUE,TRUE,TRUE,1947.61790456155,0.764724517208171,,0.179232378019465,0.236316738173006,0.245913491612083,FALSE
"Pre-growing season",7,"Full",2246,TRUE,TRUE,TRUE,1949.71440570251,0.766136144761519,,0.181882168231672,0.239446128730226,0.248999901844398,FALSE
"Pre-growing season",8,"Storm",2246,TRUE,TRUE,TRUE,1872.58685314184,0.77496660591026,,0.144350213623639,0.284768285723379,0.645884307945233,FALSE
"Pre-growing season",8,"Agricultural",2246,TRUE,TRUE,TRUE,1875.74117128479,0.776560968066696,,0.150209116134778,0.292030266755119,0.659029422022854,FALSE
"Pre-growing season",8,"Site",2246,TRUE,TRUE,TRUE,1867.37269702336,0.774169095826232,,0.203312958468749,0.276633695326392,0.333462526756686,FALSE
"Pre-growing season",8,"Full",2246,TRUE,TRUE,TRUE,1870.18446836854,0.775539734031703,,0.207876545744878,0.280512923521796,0.3321311979155,FALSE
"Pre-growing season",9,"Storm",2246,TRUE,TRUE,TRUE,1935.4368019482,0.741391038739664,,0.121240018893175,0.22401261591007,0.435713645447499,FALSE
"Pre-growing season",9,"Agricultural",2246,TRUE,TRUE,TRUE,1939.42066276397,0.741821817662068,,0.122537819702834,0.228851277809396,0.453553572667907,FALSE
"Pre-growing season",9,"Site",2246,TRUE,TRUE,TRUE,1933.20226541182,0.741379127801717,,0.156890830486065,0.215562584648672,0.246064670794907,FALSE
"Pre-growing season",9,"Full",2246,TRUE,TRUE,TRUE,1937.49634668808,0.741767556722533,,0.156629650647585,0.218482242497183,0.260373956904994,FALSE
"Pre-growing season",10,"Storm",2246,TRUE,TRUE,TRUE,1827.40864236026,0.777407785842516,,0.125529601830936,0.269099898688903,0.646226951851694,FALSE
"Pre-growing season",10,"Agricultural",2246,TRUE,TRUE,TRUE,1832.66860555835,0.777186604844542,,0.126132968648029,0.265734415263424,0.625482604911531,FALSE
"Pre-growing season",10,"Site",2246,TRUE,TRUE,TRUE,1826.96790144352,0.777601828067733,,0.172487237411405,0.269490963555351,0.436859027841687,FALSE
"Pre-growing season",10,"Full",2246,TRUE,TRUE,TRUE,1831.9170525677,0.777363006867466,,0.172895776447931,0.265058211074025,0.412552750937414,FALSE
"Pre-growing season",11,"Storm",2246,TRUE,TRUE,TRUE,1897.17281862175,0.751908171273153,,0.118874230999554,0.231803284527368,0.483628329940292,FALSE
"Pre-growing season",11,"Agricultural",2246,TRUE,TRUE,TRUE,1896.4392312666,0.756818352845056,,0.131460689808951,0.253091570963331,0.535741122240808,FALSE
"Pre-growing season",11,"Site",2246,TRUE,TRUE,TRUE,1894.87281774092,0.750161253910407,,0.162913184396516,0.226120281163341,0.26870198096061,FALSE
"Pre-growing season",11,"Full",2246,TRUE,TRUE,TRUE,1894.00272673545,0.755385880607605,,0.170325402954405,0.239942616212249,0.301334420714871,FALSE
"Pre-growing season",12,"Storm",2246,TRUE,TRUE,TRUE,1974.92881060675,0.748830002198654,,0.0742062034863318,0.230037959633166,0.665832731859315,FALSE
"Pre-growing season",12,"Agricultural",2246,TRUE,TRUE,TRUE,1968.87147631108,0.751135971019652,,0.0989309864693034,0.262432613427401,0.729287658496602,FALSE
"Pre-growing season",12,"Site",2246,TRUE,TRUE,TRUE,1973.46429585354,0.747533058327139,,0.122982540181698,0.218866682301943,0.403831428696208,FALSE
"Pre-growing season",12,"Full",2246,TRUE,TRUE,TRUE,1967.88191489962,0.750111241401694,,0.13859624537657,0.243365467936079,0.455539513575289,FALSE
"Pre-growing season",13,"Storm",2246,TRUE,TRUE,TRUE,1966.07619504426,0.74681188547121,,0.117724323388214,0.241103254881187,0.534855917750347,FALSE
"Pre-growing season",13,"Agricultural",2246,TRUE,TRUE,TRUE,1967.63032924219,0.749661715459893,,0.124139232687945,0.249829923891318,0.551216068011135,FALSE
"Pre-growing season",13,"Site",2246,TRUE,TRUE,TRUE,1958.15861376686,0.745829540641138,,0.178344763705407,0.233550275726219,0.236961210957117,FALSE
"Pre-growing season",13,"Full",2246,TRUE,TRUE,TRUE,1959.13166777202,0.748461787043606,,0.185895626549689,0.2386895059017,0.22813937635275,FALSE
"Pre-growing season",14,"Storm",2246,TRUE,TRUE,TRUE,2022.72691964594,0.738423688714386,,0.104312796006206,0.209601196105151,0.438240734457764,FALSE
"Pre-growing season",14,"Agricultural",2246,TRUE,TRUE,TRUE,2021.35678416116,0.741959251988322,,0.122250254079616,0.236167363239381,0.490647098946877,FALSE
"Pre-growing season",14,"Site",2246,TRUE,TRUE,TRUE,2014.32361355445,0.737000402698077,,0.155803491315723,0.200593080661215,0.18432645395534,FALSE
"Pre-growing season",14,"Full",2246,TRUE,TRUE,TRUE,2012.70916042274,0.739297669384879,,0.166311154557859,0.211361450673577,0.187930876231292,FALSE
"Pre-growing season",15,"Storm",2246,TRUE,TRUE,TRUE,1850.60439356923,0.770799995732787,,0.142388542601506,0.298937238733211,0.734634037393203,FALSE
"Pre-growing season",15,"Agricultural",2246,TRUE,TRUE,TRUE,1850.34063530057,0.771830127589665,,0.157023373543572,0.30958755652213,0.726980008350145,FALSE
"Pre-growing season",15,"Site",2246,TRUE,TRUE,TRUE,1845.56599685682,0.770103906633382,,0.196690128712729,0.285514295607634,0.408993202205762,FALSE
"Pre-growing season",15,"Full",2246,TRUE,TRUE,TRUE,1844.21321174525,0.771180711131025,,0.207294094578259,0.287852188882061,0.372149577972243,FALSE
"Pre-growing season",16,"Storm",2246,TRUE,TRUE,TRUE,1913.19750120538,0.74014613674705,,0.132968514385749,0.225297323018297,0.392085395297456,FALSE
"Pre-growing season",16,"Agricultural",2246,TRUE,TRUE,TRUE,1917.39971482836,0.741087933822431,,0.134161713092042,0.228558519854118,0.402562027686835,FALSE
"Pre-growing season",16,"Site",2246,TRUE,TRUE,TRUE,1906.77677373791,0.739297913505464,,0.185188822453088,0.228773813119996,0.185923240602872,FALSE
"Pre-growing season",16,"Full",2246,TRUE,TRUE,TRUE,1910.61029793651,0.740165659345468,,0.18523889153609,0.228809888179553,0.185872239819514,FALSE
"Pre-growing season",17,"Storm",2246,TRUE,TRUE,TRUE,1924.42117728858,0.770482660588054,,0.14193047191929,0.279353797057891,0.62736002264959,FALSE
"Pre-growing season",17,"Agricultural",2246,TRUE,TRUE,TRUE,1928.77992760844,0.770729817641635,,0.145618854813494,0.281230646763393,0.62070664376612,FALSE
"Pre-growing season",17,"Site",2246,TRUE,TRUE,TRUE,1921.41816320966,0.770227819895502,,0.187418304208897,0.26998413890273,0.372088776376743,FALSE
"Pre-growing season",17,"Full",2246,TRUE,TRUE,TRUE,1925.59944746821,0.770482660588054,,0.189952118981661,0.270113118829148,0.361315055478794,FALSE
"Pre-growing season",18,"Storm",2246,TRUE,TRUE,TRUE,2003.21848661993,0.754065362931642,,0.10355439757038,0.263669813638772,0.715383688994318,FALSE
"Pre-growing season",18,"Agricultural",2246,TRUE,TRUE,TRUE,2004.62298433672,0.754985905567301,,0.107326834101909,0.273710706019326,0.753667998026042,FALSE
"Pre-growing season",18,"Site",2246,TRUE,TRUE,TRUE,1999.68496034451,0.753642529950669,,0.160628164740163,0.257624547162459,0.429843560149046,FALSE
"Pre-growing season",18,"Full",2246,TRUE,TRUE,TRUE,2000.99923370733,0.75487012987013,,0.160586762277614,0.262585874244597,0.455054516051964,FALSE
"Pre-growing season",19,"Storm",2246,TRUE,TRUE,TRUE,1907.70571295104,0.780954226830765,,0.140938443313078,0.273310589490082,0.599275150013759,FALSE
"Pre-growing season",19,"Agricultural",2246,TRUE,TRUE,TRUE,1911.80261169858,0.781473657008108,,0.144204116461995,0.27734813730111,0.606137331072417,FALSE
"Pre-growing season",19,"Site",2246,TRUE,TRUE,TRUE,1899.98426231725,0.779534192589721,,0.204839017857513,0.267877768283144,0.283271245194935,FALSE
"Pre-growing season",19,"Full",2246,TRUE,TRUE,TRUE,1904.06851795622,0.780271990179927,,0.206040643686521,0.269407351402765,0.285341103353827,FALSE
"Pre-growing season",20,"Storm",2246,TRUE,TRUE,TRUE,1967.71450568106,0.75723891520137,,0.101120571429432,0.26400352835522,0.728078829392818,FALSE
"Pre-growing season",20,"Agricultural",2246,TRUE,TRUE,TRUE,1971.27073008819,0.758275648277758,,0.107027131647509,0.268788184521989,0.727795314381067,FALSE
"Pre-growing season",20,"Site",2246,TRUE,TRUE,TRUE,1961.48606101013,0.756065399832538,,0.169050100081605,0.254394574883119,0.376569239678665,FALSE
"Pre-growing season",20,"Full",2246,TRUE,TRUE,TRUE,1964.83192916705,0.756930835458572,,0.172100183232381,0.252630555825889,0.354489079872483,FALSE
"Pre-growing season",21,"Storm",2246,TRUE,TRUE,TRUE,2004.13926855988,0.753938582937866,,0.119648322791287,0.241955049696631,0.530803619523599,FALSE
"Pre-growing season",21,"Agricultural",2246,TRUE,TRUE,TRUE,2008.90887474826,0.754526141003903,,0.12060092574674,0.244550170462332,0.539779948901603,FALSE
"Pre-growing season",21,"Site",2246,TRUE,TRUE,TRUE,1999.70343546566,0.752651849585135,,0.171881953313396,0.230006019766246,0.248340271395417,FALSE
"Pre-growing season",21,"Full",2246,TRUE,TRUE,TRUE,2004.35388962903,0.753304622207061,,0.171546225252733,0.229022147613626,0.245257635929017,FALSE
"Pre-growing season",22,"Storm",2246,TRUE,TRUE,TRUE,2083.23371945007,0.72317448159702,,0.083773150037482,0.191741576814611,0.439465740795582,FALSE
"Pre-growing season",22,"Agricultural",2246,TRUE,TRUE,TRUE,2083.38259552126,0.726793480348961,,0.0943990133324076,0.202417951737014,0.445556747505768,FALSE
"Pre-growing season",22,"Site",2246,TRUE,TRUE,TRUE,2084.18664433874,0.722396148988725,,0.112525314526658,0.187769323981143,0.304769169971756,FALSE
"Pre-growing season",22,"Full",2246,TRUE,TRUE,TRUE,2084.57990763907,0.725594996858164,,0.119363465959269,0.195627499929344,0.311918439632459,FALSE
"Pre-growing season",23,"Storm",2246,TRUE,TRUE,TRUE,1943.51503015533,0.765678595491853,,0.123796215842401,0.263515951816546,0.624126901544676,FALSE
"Pre-growing season",23,"Agricultural",2246,TRUE,TRUE,TRUE,1949.08754799593,0.766133519131038,,0.123682627345246,0.26415710219977,0.628045062068516,FALSE
"Pre-growing season",23,"Site",2246,TRUE,TRUE,TRUE,1937.63549348973,0.764350192943771,,0.184392587020841,0.253280075377585,0.303501681530496,FALSE
"Pre-growing season",23,"Full",2246,TRUE,TRUE,TRUE,1943.25364412036,0.764225774837682,,0.1838424144157,0.251252416621767,0.296187958496716,FALSE
"Pre-growing season",24,"Storm",2246,TRUE,TRUE,TRUE,1981.14202859281,0.746860718554454,,0.121612714657945,0.25058843015934,0.566195016896991,FALSE
"Pre-growing season",24,"Agricultural",2246,TRUE,TRUE,TRUE,1982.56476601303,0.749772136040856,,0.132174723727686,0.282008819206793,0.686546616789068,FALSE
"Pre-growing season",24,"Site",2246,TRUE,TRUE,TRUE,1978.82239224266,0.746443979981208,,0.164994030685499,0.243988774488852,0.34375453908433,FALSE
"Pre-growing season",24,"Full",2246,TRUE,TRUE,TRUE,1981.69179158195,0.748745629677922,,0.171608675353399,0.267664008033544,0.431508735775052,FALSE
"Pre-growing season",25,"Storm",2246,TRUE,TRUE,TRUE,1919.65288097967,0.763171980601558,,0.124401287106396,0.268906204230208,0.650261464067713,FALSE
"Pre-growing season",25,"Agricultural",2246,TRUE,TRUE,TRUE,1923.24013213495,0.763085564670072,,0.128349226196735,0.27632955663646,0.672731321269344,FALSE
"Pre-growing season",25,"Site",2246,TRUE,TRUE,TRUE,1911.21069569119,0.761963447350771,,0.1945072983024,0.261423193669479,0.298065779914825,FALSE
"Pre-growing season",25,"Full",2246,TRUE,TRUE,TRUE,1915.02513993322,0.76180351338802,,0.194843318124717,0.262768559768102,0.303113887663164,FALSE
"Pre-growing season",26,"Storm",2246,TRUE,TRUE,TRUE,1985.99225932541,0.749114398301278,,0.0932020975471567,0.228493066554027,0.57690919992722,FALSE
"Pre-growing season",26,"Agricultural",2246,TRUE,TRUE,TRUE,1989.62733573196,0.749286031483523,,0.0962904277989257,0.231860141355584,0.580631867367899,FALSE
"Pre-growing season",26,"Site",2246,TRUE,TRUE,TRUE,1984.99332602505,0.748015690718282,,0.137544214276404,0.219758719951542,0.346655437573687,FALSE
"Pre-growing season",26,"Full",2246,TRUE,TRUE,TRUE,1988.39894107697,0.748529314181878,,0.141020836020394,0.221691154362115,0.340988941774234,FALSE
"Pre-growing season",27,"Storm",2246,TRUE,TRUE,TRUE,1935.6226083914,0.749082402795233,,0.107182074199308,0.248274111625656,0.617477999661633,FALSE
"Pre-growing season",27,"Agricultural",2246,TRUE,TRUE,TRUE,1937.01112876243,0.750980766320333,,0.11461475662536,0.25167586819443,0.602563734290009,FALSE
"Pre-growing season",27,"Site",2246,TRUE,TRUE,TRUE,1929.77768205039,0.748712600264521,,0.167203232085596,0.242487794894964,0.326960123515706,FALSE
"Pre-growing season",27,"Full",2246,TRUE,TRUE,TRUE,1930.62332674829,0.749817401775315,,0.169986883631397,0.239527557324421,0.300838838516676,FALSE
"Pre-growing season",28,"Storm",2246,TRUE,TRUE,TRUE,2040.57684804499,0.740957214365168,,0.10869745512228,0.203763259238342,0.39279016347136,FALSE
"Pre-growing season",28,"Agricultural",2246,TRUE,TRUE,TRUE,2039.60705036302,0.743809465874781,,0.116612064581699,0.220476468592082,0.438344936633234,FALSE
"Pre-growing season",28,"Site",2246,TRUE,TRUE,TRUE,2033.74075676151,0.740139093039886,,0.153594716696053,0.19514671884087,0.169845375483399,FALSE
"Pre-growing season",28,"Full",2246,TRUE,TRUE,TRUE,2034.24814377904,0.742672289647227,,0.156464498357781,0.205484373959931,0.202977665102773,FALSE
"Pre-growing season",29,"Storm",2246,TRUE,TRUE,TRUE,2019.19368108161,0.744391401839673,,0.103943951211798,0.235951361667641,0.568402260382719,FALSE
"Pre-growing season",29,"Agricultural",2246,TRUE,TRUE,TRUE,2012.16382818136,0.749281045260658,,0.126859240466424,0.255774839633835,0.569875011251403,FALSE
"Pre-growing season",29,"Site",2246,TRUE,TRUE,TRUE,2014.11901471802,0.74384803857128,,0.159311115785543,0.233098220812818,0.316533162518183,FALSE
"Pre-growing season",29,"Full",2246,TRUE,TRUE,TRUE,2007.64235128366,0.748564907496786,,0.171398272046514,0.24342004692861,0.313175284588221,FALSE
"Pre-growing season",30,"Storm",2246,TRUE,TRUE,TRUE,1871.07502980989,0.771159083415089,,0.111555396710495,0.265905452882819,0.691724701170558,FALSE
"Pre-growing season",30,"Agricultural",2246,TRUE,TRUE,TRUE,1876.12948968208,0.771836874264709,,0.113488568335043,0.268021878392965,0.694548371525151,FALSE
"Pre-growing season",30,"Site",2246,TRUE,TRUE,TRUE,1865.08437774086,0.770220081877677,,0.184181864578563,0.260998733369688,0.341971496095821,FALSE
"Pre-growing season",30,"Full",2246,TRUE,TRUE,TRUE,1870.5517072069,0.770661765404307,,0.183436706781403,0.25984212679628,0.339608299322167,FALSE
"Pre-growing season",31,"Storm",2246,TRUE,TRUE,TRUE,1938.8062892348,0.747393428785423,,0.115375823031345,0.214163667181072,0.413570824982023,FALSE
"Pre-growing season",31,"Agricultural",2246,TRUE,TRUE,TRUE,1942.87404738259,0.74889535275399,,0.118794754444183,0.223619920817522,0.444190910751098,FALSE
"Pre-growing season",31,"Site",2246,TRUE,TRUE,TRUE,1931.02126913042,0.745961515344855,,0.166348054501236,0.207430671425348,0.170529425495883,FALSE
"Pre-growing season",31,"Full",2246,TRUE,TRUE,TRUE,1935.45020660568,0.74661670821065,,0.166890364992662,0.208800224677323,0.174264346584308,FALSE
"Pre-growing season",32,"Storm",2246,TRUE,TRUE,TRUE,2062.63686499208,0.731846077703539,,0.102532417058518,0.196548298012906,0.384963837961008,FALSE
"Pre-growing season",32,"Agricultural",2246,TRUE,TRUE,TRUE,2063.79695425165,0.734085003711953,,0.111771687145557,0.209754572557092,0.407912227225537,FALSE
"Pre-growing season",32,"Site",2246,TRUE,TRUE,TRUE,2054.76541928404,0.729747587230883,,0.151660496918505,0.192067257323896,0.164534628220764,FALSE
"Pre-growing season",32,"Full",2246,TRUE,TRUE,TRUE,2055.19403095367,0.731494060876021,,0.157278317318318,0.195723605681395,0.157259282965285,FALSE
"Pre-growing season",33,"Storm",2246,TRUE,TRUE,TRUE,1993.76643929021,0.755435002222492,,0.111246320345562,0.254122775727443,0.630190441965516,FALSE
"Pre-growing season",33,"Agricultural",2246,TRUE,TRUE,TRUE,1994.47030653069,0.75681900836465,,0.121215922259287,0.267616091805768,0.657629485260346,FALSE
"Pre-growing season",33,"Site",2246,TRUE,TRUE,TRUE,1991.30999721836,0.754634400129309,,0.156637174576298,0.243110510790425,0.375861836213842,FALSE
"Pre-growing season",33,"Full",2246,TRUE,TRUE,TRUE,1992.21382392698,0.755657251384006,,0.160405608254655,0.248264519500282,0.384502580849449,FALSE
"Pre-growing season",34,"Storm",2246,TRUE,TRUE,TRUE,1993.68123879968,0.760220864806774,,0.125697574435521,0.257508316490514,0.584033423668741,FALSE
"Pre-growing season",34,"Agricultural",2246,TRUE,TRUE,TRUE,1997.80405157605,0.761020696811172,,0.127606241741772,0.252172694036958,0.547997109313618,FALSE
"Pre-growing season",34,"Site",2246,TRUE,TRUE,TRUE,1990.14937148328,0.758685434410687,,0.180508427570925,0.255912936625838,0.333389604103405,FALSE
"Pre-growing season",34,"Full",2246,TRUE,TRUE,TRUE,1993.77296363514,0.759208567775726,,0.180979893940921,0.248886873126392,0.297431903244411,FALSE
"Pre-growing season",35,"Storm",2246,TRUE,TRUE,TRUE,1918.26953274219,0.75149945474373,,0.109503930949037,0.248891646261138,0.610520706568323,FALSE
"Pre-growing season",35,"Agricultural",2246,TRUE,TRUE,TRUE,1920.97324750312,0.75230079618003,,0.115760709307885,0.256653273437715,0.623555523206675,FALSE
"Pre-growing season",35,"Site",2246,TRUE,TRUE,TRUE,1916.93340437889,0.751408137552805,,0.15414748042935,0.244397799168272,0.392947039259931,FALSE
"Pre-growing season",35,"Full",2246,TRUE,TRUE,TRUE,1919.44001077105,0.751605991466475,,0.158483616705573,0.248832391814753,0.395698047827579,FALSE
"Pre-growing season",36,"Storm",2246,TRUE,TRUE,TRUE,1868.38314442835,0.784999736067247,,0.152095174981603,0.309129431876207,0.747784058972542,FALSE
"Pre-growing season",36,"Agricultural",2246,TRUE,TRUE,TRUE,1871.7616073831,0.785642187011161,,0.155315285861792,0.311047211224816,0.743646744738239,FALSE
"Pre-growing season",36,"Site",2246,TRUE,TRUE,TRUE,1853.43916279583,0.783790795313069,,0.249701015980362,0.303978933776356,0.256554292371169,FALSE
"Pre-growing season",36,"Full",2246,TRUE,TRUE,TRUE,1857.2582615376,0.78465211732004,,0.249750186706642,0.303717342721568,0.254989586461481,FALSE
"Pre-growing season",37,"Storm",2246,TRUE,TRUE,TRUE,1894.40857385679,0.756249461339061,,0.141691502472143,0.25042879484888,0.477247992820847,FALSE
"Pre-growing season",37,"Agricultural",2246,TRUE,TRUE,TRUE,1896.93311590865,0.758372282662742,,0.149431666323412,0.263342528419484,0.508719085530658,FALSE
"Pre-growing season",37,"Site",2246,TRUE,TRUE,TRUE,1893.27741340136,0.755697872537905,,0.178026267547993,0.245725420324633,0.295278790243695,FALSE
"Pre-growing season",37,"Full",2246,TRUE,TRUE,TRUE,1896.23119346598,0.7574494321685,,0.181963243966867,0.254293891475894,0.319104657464249,FALSE
"Pre-growing season",38,"Storm",2246,TRUE,TRUE,TRUE,1992.55520786713,0.754265362654757,,0.109999477158863,0.251808846129604,0.623549371872484,FALSE
"Pre-growing season",38,"Agricultural",2246,TRUE,TRUE,TRUE,1996.96951280823,0.75482126368553,,0.114148974795225,0.257426021686467,0.634768527612728,FALSE
"Pre-growing season",38,"Site",2246,TRUE,TRUE,TRUE,1987.36673552306,0.753727677589965,,0.170367439566229,0.248219662332934,0.340689339671237,FALSE
"Pre-growing season",38,"Full",2246,TRUE,TRUE,TRUE,1991.87606937764,0.754213227303849,,0.172885755612966,0.249961307630697,0.338073762127119,FALSE
"Pre-growing season",39,"Storm",2246,TRUE,TRUE,TRUE,1934.72658877804,0.77160232163819,,0.154870422572116,0.292046865811989,0.637460853713553,FALSE
"Pre-growing season",39,"Agricultural",2246,TRUE,TRUE,TRUE,1936.06017798644,0.771954731065205,,0.15884715567235,0.308037003429589,0.70930805323437,FALSE
"Pre-growing season",39,"Site",2246,TRUE,TRUE,TRUE,1930.42004676186,0.770627865678081,,0.201775123216071,0.282357996198938,0.369414031709247,FALSE
"Pre-growing season",39,"Full",2246,TRUE,TRUE,TRUE,1932.28434328146,0.771177172898837,,0.204482337705859,0.292058291404125,0.40697325196653,FALSE
"Pre-growing season",40,"Storm",2246,TRUE,TRUE,TRUE,1906.35379378535,0.768124166205707,,0.13957992606158,0.265874293372761,0.565968213252332,FALSE
"Pre-growing season",40,"Agricultural",2246,TRUE,TRUE,TRUE,1907.18697973306,0.768784693977158,,0.144315317366041,0.271522924470951,0.574481019425738,FALSE
"Pre-growing season",40,"Site",2246,TRUE,TRUE,TRUE,1900.80393212327,0.767112875410796,,0.193255803643023,0.254582333772746,0.270661947475817,FALSE
"Pre-growing season",40,"Full",2246,TRUE,TRUE,TRUE,1902.3248599362,0.76760680701526,,0.193621532544949,0.258126537941208,0.286050078039114,FALSE
"Pre-growing season",41,"Storm",2246,TRUE,TRUE,TRUE,1974.60316651171,0.742384597990761,,0.117800120880509,0.222628884059776,0.443639852840622,FALSE
"Pre-growing season",41,"Agricultural",2246,TRUE,TRUE,TRUE,1961.31666978866,0.749427270084311,,0.150524104128961,0.248619423965333,0.429503605879121,FALSE
"Pre-growing season",41,"Site",2246,TRUE,TRUE,TRUE,1965.50164356682,0.740912879154957,,0.173635002970752,0.220181718606943,0.196369539101064,FALSE
"Pre-growing season",41,"Full",2246,TRUE,TRUE,TRUE,1951.47260519392,0.7482643667022,,0.19432037654693,0.235495506790066,0.177187642572167,FALSE
"Pre-growing season",42,"Storm",2246,TRUE,TRUE,TRUE,1982.43169391281,0.750530918969008,,0.123235810290983,0.233396828454448,0.472754661973135,FALSE
"Pre-growing season",42,"Agricultural",2246,TRUE,TRUE,TRUE,1984.4616419113,0.752645074480982,,0.127927458245563,0.253940098251412,0.555672497377976,FALSE
"Pre-growing season",42,"Site",2246,TRUE,TRUE,TRUE,1980.23387226961,0.749665200530602,,0.162545948249324,0.230227726514945,0.28925973722058,FALSE
"Pre-growing season",42,"Full",2246,TRUE,TRUE,TRUE,1983.13495556491,0.751974840851247,,0.163686879866208,0.243427375134353,0.346742276585057,FALSE
"Pre-growing season",43,"Storm",2246,TRUE,TRUE,TRUE,1897.14566139159,0.760278313676353,,0.112039555662606,0.262076867203057,0.668908383765571,FALSE
"Pre-growing season",43,"Agricultural",2246,TRUE,TRUE,TRUE,1898.39702677571,0.762017939895384,,0.120643032539431,0.262287268440145,0.631669805977518,FALSE
"Pre-growing season",43,"Site",2246,TRUE,TRUE,TRUE,1891.45301765912,0.759510597532436,,0.178819470451056,0.257899432249246,0.350575996892613,FALSE
"Pre-growing season",43,"Full",2246,TRUE,TRUE,TRUE,1892.16025024572,0.760962495939325,,0.184442104152086,0.256222179747814,0.317496672940094,FALSE
"Pre-growing season",44,"Storm",2246,TRUE,TRUE,TRUE,1936.29060733104,0.747568568726356,,0.127381824712611,0.222305370431644,0.401553432832451,FALSE
"Pre-growing season",44,"Agricultural",2246,TRUE,TRUE,TRUE,1938.46803135344,0.749070644178226,,0.134604653387703,0.239761219490404,0.455056022843658,FALSE
"Pre-growing season",44,"Site",2246,TRUE,TRUE,TRUE,1927.39339009257,0.745548287095418,,0.182000927147883,0.219973977735934,0.16015661721935,FALSE
"Pre-growing season",44,"Full",2246,TRUE,TRUE,TRUE,1929.92665931423,0.746182088062211,,0.186242239220863,0.229734794615667,0.18576039920563,FALSE
"Pre-growing season",45,"Storm",2246,TRUE,TRUE,TRUE,1853.18043506236,0.748097305779319,,0.0843212957323165,0.224474528988986,0.594546115067663,FALSE
"Pre-growing season",45,"Agricultural",2246,TRUE,TRUE,TRUE,1847.57010368745,0.752687989304692,,0.106371251568139,0.264649783991752,0.708119055020242,FALSE
"Pre-growing season",45,"Site",2246,TRUE,TRUE,TRUE,1848.22900650085,0.746267546990245,,0.143496213301027,0.212516556335155,0.288346160102155,FALSE
"Pre-growing season",45,"Full",2246,TRUE,TRUE,TRUE,1843.9324648666,0.750832738520105,,0.154143526484904,0.237967789354395,0.361888601810273,FALSE
"Pre-growing season",46,"Storm",2246,TRUE,TRUE,TRUE,1980.65685620784,0.777721377785225,,0.131759791117662,0.283545235861634,0.696979241142563,FALSE
"Pre-growing season",46,"Agricultural",2246,TRUE,TRUE,TRUE,1985.01018161432,0.777895674147752,,0.132656973218655,0.284783154637994,0.699752920806937,FALSE
"Pre-growing season",46,"Site",2246,TRUE,TRUE,TRUE,1974.66533740368,0.776497022284249,,0.196788388570606,0.277191463873793,0.365955162495445,FALSE
"Pre-growing season",46,"Full",2246,TRUE,TRUE,TRUE,1979.07698085064,0.776593038175184,,0.195977045423101,0.276304920945551,0.365165006060448,FALSE
"Pre-growing season",47,"Storm",2246,TRUE,TRUE,TRUE,1963.37175626914,0.742732176890526,,0.123289257403326,0.229980403624827,0.455832297975259,FALSE
"Pre-growing season",47,"Agricultural",2246,TRUE,TRUE,TRUE,1967.54045522528,0.743224472655619,,0.126344586955265,0.229794638983479,0.441878292235826,FALSE
"Pre-growing season",47,"Site",2246,TRUE,TRUE,TRUE,1953.93924884054,0.741852246664728,,0.178364716129248,0.221378158594201,0.181742337757362,FALSE
"Pre-growing season",47,"Full",2246,TRUE,TRUE,TRUE,1957.71039931593,0.741734664211648,,0.179541460529536,0.219039718577347,0.166390101493131,FALSE
"Pre-growing season",48,"Storm",2246,TRUE,TRUE,TRUE,1957.30095966789,0.746453292591669,,0.129102734821832,0.231840418488374,0.440004186316615,FALSE
"Pre-growing season",48,"Agricultural",2246,TRUE,TRUE,TRUE,1962.1830231095,0.746635175022865,,0.129750724159912,0.238375463561412,0.469208975802057,FALSE
"Pre-growing season",48,"Site",2246,TRUE,TRUE,TRUE,1952.15936782393,0.745767335994013,,0.174749176997447,0.226134586159325,0.218450414135467,FALSE
"Pre-growing season",48,"Full",2246,TRUE,TRUE,TRUE,1957.35978285836,0.746141494138189,,0.174746369877285,0.229421597923053,0.233427630420914,FALSE
"Pre-growing season",49,"Storm",2246,TRUE,TRUE,TRUE,2005.61246110408,0.75807992573523,,0.108510020254115,0.260771431739519,0.677625280116314,FALSE
"Pre-growing season",49,"Agricultural",2246,TRUE,TRUE,TRUE,2007.19126413757,0.759091340003866,,0.117773368850275,0.267067047411654,0.670124755513951,FALSE
"Pre-growing season",49,"Site",2246,TRUE,TRUE,TRUE,2000.69066323553,0.756806885742814,,0.171332514664173,0.251011407361806,0.349982700124762,FALSE
"Pre-growing season",49,"Full",2246,TRUE,TRUE,TRUE,2001.83361221789,0.7570155707319,,0.177829771174845,0.252728140946593,0.329740451206083,FALSE
"Pre-growing season",50,"Storm",2246,TRUE,TRUE,TRUE,1906.40478682462,0.758784386009324,,0.132677375421379,0.254815834923548,0.539221637611877,FALSE
"Pre-growing season",50,"Agricultural",2246,TRUE,TRUE,TRUE,1907.3819140877,0.761457608168259,,0.138279507506796,0.260087970352558,0.541596519956255,FALSE
"Pre-growing season",50,"Site",2246,TRUE,TRUE,TRUE,1902.07849546622,0.758224031179461,,0.186799512320079,0.256265768527904,0.307280225912109,FALSE
"Pre-growing season",50,"Full",2246,TRUE,TRUE,TRUE,1903.16976556715,0.760513575090184,,0.188457440619243,0.257675576688311,0.306764176115329,FALSE
"Growing season",1,"Storm",2246,FALSE,TRUE,TRUE,869.368874436575,0.929670903983438,,0.618655860557052,0.702161899665814,0.922393262402839,FALSE
"Growing season",1,"Agricultural",2246,FALSE,TRUE,TRUE,867.570847831298,0.93274808352087,,0.620635116741611,0.721141412177721,1.18573525446471,FALSE
"Growing season",1,"Site",2246,FALSE,TRUE,TRUE,874.130022308108,0.929360032258573,,0.635006306209797,0.703077816356316,0.754225532412095,FALSE
"Growing season",1,"Full",2246,FALSE,TRUE,TRUE,873.418746426163,0.932344851356009,,0.634101601088636,0.719878484976689,1.00740079492861,FALSE
"Growing season",2,"Storm",2246,FALSE,TRUE,TRUE,815.219429570119,0.938353193726452,,0.644447728418358,0.741176857982768,1.22951169850552,FALSE
"Growing season",2,"Agricultural",2246,FALSE,TRUE,TRUE,817.997458159952,0.939073863138526,,0.642984768892096,0.745412693690368,1.32361024074251,FALSE
"Growing season",2,"Site",2246,FALSE,TRUE,TRUE,821.737535294483,0.938348812757382,,0.64993252155701,0.739641490633588,1.13355495616412,FALSE
"Growing season",2,"Full",2246,FALSE,TRUE,TRUE,824.340412761303,0.939106720406554,,0.648539319794706,0.743722662433456,1.22188192205888,FALSE
"Growing season",3,"Storm",2246,FALSE,TRUE,TRUE,849.956662321364,0.930455834039847,,0.614510796319734,0.703856377062665,0.992542659056258,FALSE
"Growing season",3,"Agricultural",2246,FALSE,TRUE,TRUE,843.878387331795,0.9355681256182,,0.612981227188725,0.731948433263342,1.46011614475774,FALSE
"Growing season",3,"Site",2246,FALSE,TRUE,TRUE,855.298178700396,0.930488951886393,,0.623896814699932,0.702861717319909,0.874286929529056,FALSE
"Growing season",3,"Full",2246,FALSE,TRUE,TRUE,849.914183360081,0.935510721350855,,0.620251394815218,0.72873119991729,1.31561113495575,FALSE
"Growing season",4,"Storm",2246,FALSE,TRUE,TRUE,840.905943250277,0.923155473105363,,0.592793667284361,0.671843798093269,0.792502182807049,FALSE
"Growing season",4,"Agricultural",2246,FALSE,TRUE,TRUE,814.990727359199,0.935376107924459,,0.595329746853763,0.734462019972762,1.72377161133791,FALSE
"Growing season",4,"Site",2246,FALSE,TRUE,TRUE,848.838260604626,0.92311519571259,,0.59320010001355,0.671085583052747,0.779026261926655,FALSE
"Growing season",4,"Full",2246,FALSE,TRUE,TRUE,822.063482831221,0.935506417136372,,0.595395378922016,0.733529330045342,1.70541277229334,FALSE
"Growing season",5,"Storm",2246,FALSE,TRUE,TRUE,912.194900791172,0.915321109286627,,0.531849379531249,0.647064208629088,1.07396757156865,FALSE
"Growing season",5,"Agricultural",2246,FALSE,TRUE,TRUE,904.506870964107,0.920805966064587,,0.531381582204036,0.679954116983705,1.52723116794247,FALSE
"Growing season",5,"Site",2246,FALSE,TRUE,TRUE,917.708490690751,0.915020069330414,,0.54323227091977,0.645809773031966,0.952783080216233,FALSE
"Growing season",5,"Full",2246,FALSE,TRUE,TRUE,910.683385314064,0.920621237000547,,0.538868047138906,0.67626364475855,1.39623922676813,FALSE
"Growing season",6,"Storm",2246,FALSE,TRUE,TRUE,844.737864809106,0.933525665607842,,0.597165259348607,0.719156701412257,1.42903804309043,FALSE
"Growing season",6,"Agricultural",2246,FALSE,TRUE,TRUE,835.579288845615,0.939026309547823,,0.591479590672432,0.750453020851377,2.09580426032184,FALSE
"Growing season",6,"Site",2246,FALSE,TRUE,TRUE,850.611660224387,0.933246366338675,,0.609846170599429,0.717839171469981,1.25914973413289,FALSE
"Growing season",6,"Full",2246,FALSE,TRUE,TRUE,841.996778927414,0.93891769316537,,0.601914949812255,0.747623305446773,1.89938804319423,FALSE
"Growing season",7,"Storm",2246,FALSE,TRUE,TRUE,903.84212477049,0.927689076065024,,0.583437851825785,0.684341883335611,1.0516471470259,FALSE
"Growing season",7,"Agricultural",2246,FALSE,TRUE,TRUE,904.929481175266,0.928775571444832,,0.583865598386248,0.691933629703384,1.15406810603586,FALSE
"Growing season",7,"Site",2246,FALSE,TRUE,TRUE,908.283889311954,0.927759439575335,,0.603539127421524,0.684868932090925,0.849057296942974,FALSE
"Growing season",7,"Full",2246,FALSE,TRUE,TRUE,909.953320612122,0.928489978373568,,0.602328100982119,0.691607915886229,0.952420094956122,FALSE
"Growing season",8,"Storm",2246,FALSE,TRUE,TRUE,894.590115672322,0.926069239461699,,0.594509991443732,0.690802950489639,1.02456067406248,FALSE
"Growing season",8,"Agricultural",2246,FALSE,TRUE,TRUE,895.233348268569,0.92800825257679,,0.592212196580992,0.701646384443735,1.20670247858514,FALSE
"Growing season",8,"Site",2246,FALSE,TRUE,TRUE,900.277751874251,0.926000753347259,,0.604900541112586,0.690821035193155,0.914250733984203,FALSE
"Growing season",8,"Full",2246,FALSE,TRUE,TRUE,900.847249698983,0.928337842002534,,0.603008018875153,0.701101512050371,1.07967979207216,FALSE
"Growing season",9,"Storm",2246,FALSE,TRUE,TRUE,850.551278791332,0.939208819577431,,0.634611959090677,0.737650654055317,1.29210811592155,FALSE
"Growing season",9,"Agricultural",2246,FALSE,TRUE,TRUE,846.573395884037,0.941303680819323,,0.632347863341576,0.751093702199974,1.56949886251239,FALSE
"Growing season",9,"Site",2246,FALSE,TRUE,TRUE,857.861479070799,0.939058582054022,,0.639158692418281,0.7358201104633,1.20373779980726,FALSE
"Growing season",9,"Full",2246,FALSE,TRUE,TRUE,853.594704256498,0.941216923939609,,0.636068808560004,0.748397782321811,1.46877684417892,FALSE
"Growing season",10,"Storm",2246,FALSE,TRUE,TRUE,760.254134795026,0.951620399159526,,0.650597503662505,0.776475529544805,1.85269248257,FALSE
"Growing season",10,"Agricultural",2246,FALSE,TRUE,TRUE,761.604076356156,0.952999369426571,,0.646353008750832,0.783636970545275,2.08744595744181,FALSE
"Growing season",10,"Site",2246,FALSE,TRUE,TRUE,768.00794208665,0.951653127884219,,0.651213374696186,0.776715453047478,1.84914403578679,FALSE
"Growing season",10,"Full",2246,FALSE,TRUE,TRUE,769.078013920552,0.953110647090526,,0.646752523817149,0.783601617656409,2.08049370827636,FALSE
"Growing season",11,"Storm",2246,FALSE,TRUE,TRUE,852.36035475696,0.93388674504173,,0.606880873711441,0.715150074991706,1.25045283105596,FALSE
"Growing season",11,"Agricultural",2246,FALSE,TRUE,TRUE,844.002470857308,0.938075473391367,,0.60522775417932,0.739970052954465,1.70474362679365,FALSE
"Growing season",11,"Site",2246,FALSE,TRUE,TRUE,858.467692097293,0.933814951090371,,0.616414793142065,0.712746802293154,1.10327616782371,FALSE
"Growing season",11,"Full",2246,FALSE,TRUE,TRUE,850.61854149581,0.938019384366867,,0.611234276041855,0.736430935437903,1.56270426074705,FALSE
"Growing season",12,"Storm",2246,FALSE,TRUE,TRUE,870.777272347561,0.925412789636928,,0.59904517225844,0.677828334237963,0.804497234277926,FALSE
"Growing season",12,"Agricultural",2246,FALSE,TRUE,TRUE,870.279010868635,0.928103904397008,,0.59880486933736,0.690814415510072,0.97902130349591,FALSE
"Growing season",12,"Site",2246,FALSE,TRUE,TRUE,875.580570365592,0.925344371465061,,0.607676043705766,0.673615149527251,0.664647769932721,FALSE
"Growing season",12,"Full",2246,FALSE,TRUE,TRUE,875.290971990266,0.927921455938697,,0.607226331519749,0.685099865659649,0.813571130929675,FALSE
"Growing season",13,"Storm",2246,FALSE,TRUE,TRUE,999.492184569921,0.920356763119921,,0.566616545087659,0.666139838559114,0.980705545516946,FALSE
"Growing season",13,"Agricultural",2246,FALSE,TRUE,TRUE,991.472172006201,0.924352548036759,,0.568640622407942,0.69432704621459,1.3527260276029,FALSE
"Growing season",13,"Site",2246,FALSE,TRUE,TRUE,1004.32145429196,0.920339674944938,,0.582521397444543,0.66729951770071,0.838318100226074,FALSE
"Growing season",13,"Full",2246,FALSE,TRUE,TRUE,996.617638817391,0.924242424242424,,0.582666957570241,0.692885646072703,1.1806838280438,FALSE
"Growing season",14,"Storm",2246,FALSE,TRUE,TRUE,844.443989530166,0.935287807570416,,0.622200448937227,0.726537692843407,1.25522152377689,FALSE
"Growing season",14,"Agricultural",2246,FALSE,TRUE,TRUE,842.804955850706,0.937264092155397,,0.619943517268567,0.740579174570476,1.52985175375941,FALSE
"Growing season",14,"Site",2246,FALSE,TRUE,TRUE,851.971559634696,0.93529003311612,,0.623749405399924,0.725675678211408,1.22236334978484,FALSE
"Growing season",14,"Full",2246,FALSE,TRUE,TRUE,850.049349008646,0.937373143894883,,0.621589880853329,0.739285715234032,1.4851651697775,FALSE
"Growing season",15,"Storm",2246,FALSE,TRUE,TRUE,850.87882181894,0.927700417676411,,0.615081050035692,0.692952167888836,0.834351141315436,FALSE
"Growing season",15,"Agricultural",2246,FALSE,TRUE,TRUE,851.751061581272,0.928920060050921,,0.613404384883232,0.703634436932158,1.00161763014818,FALSE
"Growing season",15,"Site",2246,FALSE,TRUE,TRUE,857.436532547009,0.927257530780639,,0.622416095928556,0.692763184904484,0.753271206278687,FALSE
"Growing season",15,"Full",2246,FALSE,TRUE,TRUE,858.833161489252,0.928679311276809,,0.619369814892719,0.702705849540623,0.922199661019637,FALSE
"Growing season",16,"Storm",2246,FALSE,TRUE,TRUE,934.622591402237,0.918466661976125,,0.552172466022476,0.667368681570437,1.13934057815994,FALSE
"Growing season",16,"Agricultural",2246,FALSE,TRUE,TRUE,918.716581331251,0.926857401141507,,0.553651018477101,0.708988031583719,1.75607309961913,FALSE
"Growing season",16,"Site",2246,FALSE,TRUE,TRUE,937.324634713821,0.918355794631036,,0.57841448967296,0.668151213662891,0.88962804997839,FALSE
"Growing season",16,"Full",2246,FALSE,TRUE,TRUE,921.298671587332,0.926904306556737,,0.57992285882142,0.704513617996155,1.38716094319601,FALSE
"Growing season",17,"Storm",2246,FALSE,TRUE,TRUE,801.569557833123,0.95046142382208,,0.683782091721877,0.770977906885449,1.25255485091927,FALSE
"Growing season",17,"Agricultural",2246,FALSE,TRUE,TRUE,799.147978056324,0.952680516205106,,0.681270430283694,0.787333605728918,1.64075693412613,FALSE
"Growing season",17,"Site",2246,FALSE,TRUE,TRUE,807.713489507003,0.950352925762762,,0.692985635003292,0.771040573135484,1.12155440444342,FALSE
"Growing season",17,"Full",2246,FALSE,TRUE,TRUE,805.132175991111,0.952610913676487,,0.691414514850155,0.786538640103206,1.46605375589781,FALSE
"Growing season",18,"Storm",2246,FALSE,TRUE,TRUE,800.882310148818,0.940310708521178,,0.626856310502358,0.73079089527264,1.27013192503658,FALSE
"Growing season",18,"Agricultural",2246,FALSE,TRUE,TRUE,800.741659527975,0.941684755384872,,0.621019595868672,0.741632822686715,1.53580503350789,FALSE
"Growing season",18,"Site",2246,FALSE,TRUE,TRUE,806.994123389998,0.940292155989685,,0.633898124010929,0.729899335810137,1.16930970326103,FALSE
"Growing season",18,"Full",2246,FALSE,TRUE,TRUE,806.62889808187,0.941865642566928,,0.628103475157559,0.740535566926737,1.42557787799687,FALSE
"Growing season",19,"Storm",2246,FALSE,TRUE,TRUE,886.910811480701,0.934912446145596,,0.605804708298936,0.719122323829475,1.32726821655288,FALSE
"Growing season",19,"Agricultural",2246,FALSE,TRUE,TRUE,880.648700253108,0.93963786830043,,0.596162243401424,0.745596321492721,1.93243436763744,FALSE
"Growing season",19,"Site",2246,FALSE,TRUE,TRUE,892.326824154301,0.934801501451526,,0.616613460691504,0.719763724638119,1.21094517796496,FALSE
"Growing season",19,"Full",2246,FALSE,TRUE,TRUE,885.936827755038,0.939738540337642,,0.608838048712776,0.744900454082573,1.75471645788446,FALSE
"Growing season",20,"Storm",2246,FALSE,TRUE,TRUE,808.83402876847,0.932916114535922,,0.58077109558908,0.697264705252898,1.26595286662042,FALSE
"Growing season",20,"Agricultural",2246,FALSE,TRUE,TRUE,807.846191282103,0.935160646040982,,0.58056456211289,0.71463161579243,1.54559142528588,FALSE
"Growing season",20,"Site",2246,FALSE,TRUE,TRUE,814.128971491602,0.933093756601563,,0.5985123529581,0.700249158854712,1.11659628531647,FALSE
"Growing season",20,"Full",2246,FALSE,TRUE,TRUE,813.502229106266,0.935364694359624,,0.597038447930824,0.715476394648792,1.36946537791451,FALSE
"Growing season",21,"Storm",2246,FALSE,TRUE,TRUE,897.481358005539,0.927846253542885,,0.565494310223708,0.685029279162439,1.24854235380422,FALSE
"Growing season",21,"Agricultural",2246,FALSE,TRUE,TRUE,900.471315158304,0.928271726963887,,0.56513314625501,0.690110845105832,1.32679747702839,FALSE
"Growing season",21,"Site",2246,FALSE,TRUE,TRUE,900.625772124211,0.927379323737271,,0.590299878168926,0.682555096495414,0.956095056461109,FALSE
"Growing season",21,"Full",2246,FALSE,TRUE,TRUE,903.834438705597,0.927848435457864,,0.589287783702992,0.686673122581646,1.02252614172751,FALSE
"Growing season",22,"Storm",2246,FALSE,TRUE,TRUE,839.54287547039,0.929735677796023,,0.575378547832829,0.709134940868851,1.51286956378279,FALSE
"Growing season",22,"Agricultural",2246,FALSE,TRUE,TRUE,831.967594087624,0.932772304324028,,0.574254396786486,0.730325694407287,1.90397816172674,FALSE
"Growing season",22,"Site",2246,FALSE,TRUE,TRUE,844.531498274023,0.929612525086663,,0.597796261673338,0.708426938310507,1.24826462214638,FALSE
"Growing season",22,"Full",2246,FALSE,TRUE,TRUE,838.277182765633,0.93264687100894,,0.591627781603137,0.728860425897026,1.66511032135018,FALSE
"Growing season",23,"Storm",2246,FALSE,TRUE,TRUE,947.316903700724,0.917260826432022,,0.56258862351654,0.659078154862457,0.931116145643838,FALSE
"Growing season",23,"Agricultural",2246,FALSE,TRUE,TRUE,945.516173117686,0.920317891649413,,0.562325028006412,0.680583888324462,1.21802264152167,FALSE
"Growing season",23,"Site",2246,FALSE,TRUE,TRUE,953.929591790704,0.917077510351967,,0.56960988759949,0.657254369116099,0.841261742979064,FALSE
"Growing season",23,"Full",2246,FALSE,TRUE,TRUE,952.205514689491,0.920080659075224,,0.567861937342744,0.677822308105136,1.1228434768807,FALSE
"Growing season",24,"Storm",2246,FALSE,TRUE,TRUE,879.725855204929,0.928140812065117,,0.586213682467201,0.715867439561727,1.50121395176022,FALSE
"Growing season",24,"Agricultural",2246,FALSE,TRUE,TRUE,880.305784873064,0.928965575927369,,0.584422766867189,0.726433607569895,1.70780093021337,FALSE
"Growing season",24,"Site",2246,FALSE,TRUE,TRUE,882.363029273657,0.928337184413272,,0.617346081573172,0.718950999786371,1.18935410694344,FALSE
"Growing season",24,"Full",2246,FALSE,TRUE,TRUE,883.67791706457,0.929137947210749,,0.61460763737246,0.727522937952187,1.36333108699926,FALSE
"Growing season",25,"Storm",2246,FALSE,TRUE,TRUE,835.234453254899,0.940474031267134,,0.640585882679045,0.748571020222159,1.41295113725478,FALSE
"Growing season",25,"Agricultural",2246,FALSE,TRUE,TRUE,836.007259058236,0.941491391010126,,0.641098433669766,0.757381505792351,1.57677993474392,FALSE
"Growing season",25,"Site",2246,FALSE,TRUE,TRUE,842.300941438475,0.940315589995685,,0.647888796807158,0.748099692501081,1.30877423559332,FALSE
"Growing season",25,"Full",2246,FALSE,TRUE,TRUE,843.198034706505,0.941526831820845,,0.647222132923844,0.756299976742102,1.47251410842196,FALSE
"Growing season",26,"Storm",2246,FALSE,TRUE,TRUE,812.883889245203,0.945749655574396,,0.610737893098585,0.744130551235219,1.71511001954829,FALSE
"Growing season",26,"Agricultural",2246,FALSE,TRUE,TRUE,814.915503974084,0.946176875794828,,0.606187451824652,0.749904831117261,1.89052522887711,FALSE
"Growing season",26,"Site",2246,FALSE,TRUE,TRUE,820.348376631758,0.94590420552494,,0.612810042248066,0.743071183001125,1.66794048650563,FALSE
"Growing season",26,"Full",2246,FALSE,TRUE,TRUE,822.177363891035,0.946331425745372,,0.608845526663261,0.748771692480647,1.83235177014225,FALSE
"Growing season",27,"Storm",2246,FALSE,TRUE,TRUE,835.73372241545,0.92627070245574,,0.594073268545508,0.700775273389642,1.17315012537502,FALSE
"Growing season",27,"Agricultural",2246,FALSE,TRUE,TRUE,835.614254928671,0.928236245954693,,0.592484086275908,0.712038419995763,1.36586968561739,FALSE
"Growing season",27,"Site",2246,FALSE,TRUE,TRUE,842.684889181996,0.926361126975062,,0.598842894898815,0.698914834342289,1.09345634459643,FALSE
"Growing season",27,"Full",2246,FALSE,TRUE,TRUE,842.514233175728,0.92837426232629,,0.596781348294025,0.709775208619,1.28085164130063,FALSE
"Growing season",28,"Storm",2246,FALSE,TRUE,TRUE,839.396607274618,0.92141705105891,,0.554653877967121,0.663246532617955,1.06088147173845,FALSE
"Growing season",28,"Agricultural",2246,FALSE,TRUE,TRUE,837.624931165691,0.924441454954303,,0.555768919698875,0.683911380168025,1.33371393596839,FALSE
"Growing season",28,"Site",2246,FALSE,TRUE,TRUE,842.349472516275,0.921746004079999,,0.577404089054077,0.661736531579298,0.820196802793528,FALSE
"Growing season",28,"Full",2246,FALSE,TRUE,TRUE,841.133565716573,0.924549469379138,,0.577321177588285,0.679760838020566,1.05237901698129,FALSE
"Growing season",29,"Storm",2246,FALSE,TRUE,TRUE,879.781257141183,0.92496599901088,,0.584713127781549,0.681240547111389,0.996244905063762,FALSE
"Growing season",29,"Agricultural",2246,FALSE,TRUE,TRUE,874.765159398837,0.928531687155574,,0.584767519059934,0.702762086205711,1.30597931282363,FALSE
"Growing season",29,"Site",2246,FALSE,TRUE,TRUE,882.831773148397,0.925436272431821,,0.604550512912234,0.678772290772214,0.760145699743178,FALSE
"Growing season",29,"Full",2246,FALSE,TRUE,TRUE,879.462769078058,0.928569220714992,,0.600402772927469,0.697560203865822,1.05685541414031,FALSE
"Growing season",30,"Storm",2246,FALSE,TRUE,TRUE,837.262363482912,0.936284006480085,,0.619142690895529,0.729867127129761,1.34848006656152,FALSE
"Growing season",30,"Agricultural",2246,FALSE,TRUE,TRUE,833.688377646496,0.940001117256019,,0.619826957664151,0.753510339276249,1.78425616668496,FALSE
"Growing season",30,"Site",2246,FALSE,TRUE,TRUE,843.356067905461,0.935852745656667,,0.630758500307026,0.728314032559365,1.18130811041203,FALSE
"Growing season",30,"Full",2246,FALSE,TRUE,TRUE,840.03124770868,0.939770962516061,,0.629576262829835,0.750659667718235,1.59760930618976,FALSE
"Growing season",31,"Storm",2246,FALSE,TRUE,TRUE,916.710621780099,0.920344171957075,,0.609933733622933,0.683140528548271,0.760086800282447,FALSE
"Growing season",31,"Agricultural",2246,FALSE,TRUE,TRUE,913.188293210102,0.923955614278195,,0.610053594811676,0.704698308548242,1.05440854813264,FALSE
"Growing season",31,"Site",2246,FALSE,TRUE,TRUE,920.832878593676,0.920382842963488,,0.619486050247879,0.680119079459009,0.623590398307695,FALSE
"Growing season",31,"Full",2246,FALSE,TRUE,TRUE,916.892240971345,0.924179046759692,,0.620560174152141,0.699876520520233,0.869443206675908,FALSE
"Growing season",32,"Storm",2246,FALSE,TRUE,TRUE,920.86819575372,0.925486483778189,,0.582646714393964,0.68920652391001,1.12797644940946,FALSE
"Growing season",32,"Agricultural",2246,FALSE,TRUE,TRUE,914.608358362155,0.928985201341495,,0.586321763154672,0.709556166708798,1.3958806858926,FALSE
"Growing season",32,"Site",2246,FALSE,TRUE,TRUE,923.526036003918,0.925445974555944,,0.604908617895218,0.689271581819281,0.893201298751306,FALSE
"Growing season",32,"Full",2246,FALSE,TRUE,TRUE,918.090442598821,0.928680316142499,,0.60683772816222,0.707428831826996,1.13111441755053,FALSE
"Growing season",33,"Storm",2246,FALSE,TRUE,TRUE,847.454588572401,0.931121145776318,,0.611775383935945,0.693584641827288,0.878355680939383,FALSE
"Growing season",33,"Agricultural",2246,FALSE,TRUE,TRUE,848.736980877551,0.932576172231345,,0.610901035134676,0.701050785661187,0.992077507792743,FALSE
"Growing season",33,"Site",2246,FALSE,TRUE,TRUE,853.893795225859,0.930854314906039,,0.619358540901734,0.690925384114708,0.761775522202669,FALSE
"Growing season",33,"Full",2246,FALSE,TRUE,TRUE,855.278839246268,0.932302499543879,,0.617893244932078,0.698123197013907,0.874349933850847,FALSE
"Growing season",34,"Storm",2246,FALSE,TRUE,TRUE,869.864753650829,0.931222166172685,,0.584769264789192,0.697237747402478,1.22210240484147,FALSE
"Growing season",34,"Agricultural",2246,FALSE,TRUE,TRUE,870.260614090189,0.933142524350878,,0.584880099416581,0.70823359796151,1.39089607716172,FALSE
"Growing season",34,"Site",2246,FALSE,TRUE,TRUE,876.053149557832,0.93120484614402,,0.59534931392211,0.697031063878779,1.10413811146337,FALSE
"Growing season",34,"Full",2246,FALSE,TRUE,TRUE,876.641353504626,0.933174999404624,,0.594512496810911,0.707072972986449,1.26416851138308,FALSE
"Growing season",35,"Storm",2246,FALSE,TRUE,TRUE,926.549774634229,0.918863216107934,,0.55956742684391,0.667443955158826,1.06718719560952,FALSE
"Growing season",35,"Agricultural",2246,FALSE,TRUE,TRUE,924.452117866979,0.921611221449851,,0.556434337011505,0.69165120722077,1.44267038774544,FALSE
"Growing season",35,"Site",2246,FALSE,TRUE,TRUE,934.17844450834,0.918681299866452,,0.562192089650337,0.666992227152248,1.03534710264004,FALSE
"Growing season",35,"Full",2246,FALSE,TRUE,TRUE,932.006221448735,0.921598380303393,,0.558238178165628,0.690921918148863,1.41230334230149,FALSE
"Growing season",36,"Storm",2246,FALSE,TRUE,TRUE,915.632810724991,0.934237235516072,,0.571154813993403,0.713317318359184,1.63140616043718,FALSE
"Growing season",36,"Agricultural",2246,FALSE,TRUE,TRUE,914.18618848766,0.935831303434112,,0.570767528854469,0.728489829660926,1.91110915200138,FALSE
"Growing season",36,"Site",2246,FALSE,TRUE,TRUE,921.20080138025,0.934024295107545,,0.587276291910747,0.711347236513638,1.41407635262761,FALSE
"Growing season",36,"Full",2246,FALSE,TRUE,TRUE,919.734107101795,0.935684036235691,,0.584682276110564,0.725131732186085,1.68102412698523,FALSE
"Growing season",37,"Storm",2246,FALSE,TRUE,TRUE,817.644155629315,0.944331064281119,,0.6136649018982,0.760427874089851,2.01538815747278,FALSE
"Growing season",37,"Agricultural",2246,FALSE,TRUE,TRUE,817.623465600852,0.945692712951854,,0.613797626292032,0.769456698036668,2.22126522649917,FALSE
"Growing season",37,"Site",2246,FALSE,TRUE,TRUE,819.266598661735,0.944598395145445,,0.652033399626468,0.76753573138223,1.63460579499081,FALSE
"Growing season",37,"Full",2246,FALSE,TRUE,TRUE,820.45786912189,0.945777476396641,,0.64947250792177,0.775285967817549,1.84193967987336,FALSE
"Growing season",38,"Storm",2246,FALSE,TRUE,TRUE,772.926059251555,0.938392493848211,,0.64238631975525,0.726775812644382,1.0161263765181,FALSE
"Growing season",38,"Agricultural",2246,FALSE,TRUE,TRUE,774.612504518815,0.939688244754025,,0.641121172033868,0.734578600754834,1.15839422699418,FALSE
"Growing season",38,"Site",2246,FALSE,TRUE,TRUE,780.063312996826,0.938273817597024,,0.64732653536061,0.725379215648441,0.935045853265828,FALSE
"Growing season",38,"Full",2246,FALSE,TRUE,TRUE,781.753419428162,0.939632539574897,,0.645858725702871,0.732941759166685,1.07276860614475,FALSE
"Growing season",39,"Storm",2246,FALSE,TRUE,TRUE,840.641233777047,0.940830137314659,,0.648701434240391,0.743137286049875,1.20952354185132,FALSE
"Growing season",39,"Agricultural",2246,FALSE,TRUE,TRUE,842.804492503054,0.941547101325206,,0.646303977645832,0.750807955922987,1.37967610182724,FALSE
"Growing season",39,"Site",2246,FALSE,TRUE,TRUE,847.707280298037,0.940579734958737,,0.653845918166955,0.742174486409121,1.1270775258342,FALSE
"Growing season",39,"Full",2246,FALSE,TRUE,TRUE,849.697376001311,0.941435811389241,,0.651705991682908,0.749641770762697,1.28693911809839,FALSE
"Growing season",40,"Storm",2246,FALSE,TRUE,TRUE,854.639102811702,0.922101060206129,,0.57938722406302,0.683854942854038,1.08711179024329,FALSE
"Growing season",40,"Agricultural",2246,FALSE,TRUE,TRUE,852.323433597448,0.924397673135056,,0.58169977383823,0.699410914143184,1.28831733316758,FALSE
"Growing season",40,"Site",2246,FALSE,TRUE,TRUE,861.025338961946,0.921953264100095,,0.589520145003222,0.684157702512945,0.985761207980286,FALSE
"Growing season",40,"Full",2246,FALSE,TRUE,TRUE,858.872346867727,0.924335321652822,,0.590778985185483,0.698642321675095,1.17752484517339,FALSE
"Growing season",41,"Storm",2246,FALSE,TRUE,TRUE,899.181829899723,0.92096052348663,,0.587539437990921,0.67015156350133,0.823963278585164,FALSE
"Growing season",41,"Agricultural",2246,FALSE,TRUE,TRUE,895.978336862305,0.923629383169781,,0.586126642795807,0.687037395836199,1.06077552512044,FALSE
"Growing season",41,"Site",2246,FALSE,TRUE,TRUE,905.255757673098,0.920956090164897,,0.596156649756199,0.66890898233881,0.722899649487187,FALSE
"Growing season",41,"Full",2246,FALSE,TRUE,TRUE,902.817204060445,0.923573966648121,,0.592660594941835,0.685216586053305,0.967322267468253,FALSE
"Growing season",42,"Storm",2246,FALSE,TRUE,TRUE,883.711049374967,0.91364626151356,,0.541199981806778,0.664330179872206,1.20678741614883,FALSE
"Growing season",42,"Agricultural",2246,FALSE,TRUE,TRUE,881.365924735416,0.917186208181469,,0.545674708039067,0.680780312106183,1.39239413595331,FALSE
"Growing season",42,"Site",2246,FALSE,TRUE,TRUE,890.530542323323,0.913422685934534,,0.548216752241192,0.661645482466534,1.10288335363243,FALSE
"Growing season",42,"Full",2246,FALSE,TRUE,TRUE,888.467689536811,0.917107025163897,,0.549822829154496,0.677108569897787,1.29688577430734,FALSE
"Growing season",43,"Storm",2246,FALSE,TRUE,TRUE,827.156831924102,0.933398600758018,,0.632139029859744,0.714430134643286,0.948023290118112,FALSE
"Growing season",43,"Agricultural",2246,FALSE,TRUE,TRUE,829.195394208334,0.934444024595514,,0.632597631591221,0.720136309295796,1.02903919233523,FALSE
"Growing season",43,"Site",2246,FALSE,TRUE,TRUE,831.195893489139,0.933119210378666,,0.646893824607373,0.715459827755413,0.792763661567494,FALSE
"Growing season",43,"Full",2246,FALSE,TRUE,TRUE,833.545663815837,0.934036389451868,,0.646478975523078,0.720339766285126,0.868883854632814,FALSE
"Growing season",44,"Storm",2246,FALSE,TRUE,TRUE,817.185046341386,0.936063686372437,,0.650520088274471,0.722245841736794,0.849558012584091,FALSE
"Growing season",44,"Agricultural",2246,FALSE,TRUE,TRUE,817.042156773484,0.937537321535204,,0.65360845757457,0.730373538809245,0.936655079843657,FALSE
"Growing season",44,"Site",2246,FALSE,TRUE,TRUE,820.596423689804,0.936226543980602,,0.667554838198169,0.724010913417341,0.672972417557865,FALSE
"Growing season",44,"Full",2246,FALSE,TRUE,TRUE,820.890962741008,0.937616488428062,,0.670340523422565,0.730737182562378,0.737929752710189,FALSE
"Growing season",45,"Storm",2246,FALSE,TRUE,TRUE,829.525112553339,0.938049617337552,,0.560446864957082,0.70998227479545,1.69628176808673,FALSE
"Growing season",45,"Agricultural",2246,FALSE,TRUE,TRUE,821.712431671441,0.94048495106336,,0.571020110521021,0.733429956140964,2.00437741603913,FALSE
"Growing season",45,"Site",2246,FALSE,TRUE,TRUE,835.532473850134,0.937877143277651,,0.576870292525723,0.709695882904752,1.50524450531315,FALSE
"Growing season",45,"Full",2246,FALSE,TRUE,TRUE,828.109116612445,0.940287180808007,,0.583860000553603,0.731667433536614,1.81218019900929,FALSE
"Growing season",46,"Storm",2246,FALSE,TRUE,TRUE,946.657309557436,0.923676286462268,,0.575798194691986,0.674568701489307,0.998496285847823,FALSE
"Growing season",46,"Agricultural",2246,FALSE,TRUE,TRUE,946.137110610805,0.925584379300711,,0.578772274996229,0.682524189887842,1.07513740492955,FALSE
"Growing season",46,"Site",2246,FALSE,TRUE,TRUE,949.862534206967,0.923479682536398,,0.597643229813127,0.675522705918103,0.789618291879819,FALSE
"Growing season",46,"Full",2246,FALSE,TRUE,TRUE,948.792798795806,0.92531741186453,,0.601815108508764,0.681575060108212,0.824055186133923,FALSE
"Growing season",47,"Storm",2246,FALSE,TRUE,TRUE,941.464662871601,0.930428406539544,,0.591008214799594,0.697033640246202,1.15131484836089,FALSE
"Growing season",47,"Agricultural",2246,FALSE,TRUE,TRUE,939.927381649996,0.931635992790058,,0.595275512048608,0.708030896343296,1.27051232835228,FALSE
"Growing season",47,"Site",2246,FALSE,TRUE,TRUE,945.14158026181,0.930046959491509,,0.615539405823978,0.699971239866097,0.925809912892135,FALSE
"Growing season",47,"Full",2246,FALSE,TRUE,TRUE,944.166706207504,0.931497644119786,,0.617670124379175,0.709732025059228,1.04342035471406,FALSE
"Growing season",48,"Storm",2246,FALSE,TRUE,TRUE,812.705097119616,0.932348481912771,,0.584035536787811,0.709443801777123,1.41995475303543,FALSE
"Growing season",48,"Agricultural",2246,FALSE,TRUE,TRUE,806.714875406816,0.937164557943074,,0.586256592231014,0.732494793492224,1.79848611000528,FALSE
"Growing season",48,"Site",2246,FALSE,TRUE,TRUE,818.092782256591,0.9319900311949,,0.601261051637502,0.711461065661888,1.25648039597637,FALSE
"Growing season",48,"Full",2246,FALSE,TRUE,TRUE,812.555806441356,0.936970800798279,,0.600757794040139,0.732001585391354,1.61110940727916,FALSE
"Growing season",49,"Storm",2246,FALSE,TRUE,TRUE,950.409291395616,0.934351845147588,,0.622196676689855,0.703308267685086,0.899406385228866,FALSE
"Growing season",49,"Agricultural",2246,FALSE,TRUE,TRUE,951.75837419392,0.935146455166729,,0.620621023977688,0.707523411604692,0.977505233375481,FALSE
"Growing season",49,"Site",2246,FALSE,TRUE,TRUE,954.106113166376,0.934227455261414,,0.641895142313847,0.705948916894912,0.716638992150617,FALSE
"Growing season",49,"Full",2246,FALSE,TRUE,TRUE,955.772469834685,0.93489396226345,,0.639789473443973,0.70959673360413,0.790819895215993,FALSE
"Growing season",50,"Storm",2246,FALSE,TRUE,TRUE,796.844219957009,0.948848521203902,,0.633699647639856,0.768550497162946,1.91679613570073,FALSE
"Growing season",50,"Agricultural",2246,FALSE,TRUE,TRUE,796.881272224976,0.949524455340532,,0.63375714925753,0.776979259874948,2.11272663473715,FALSE
"Growing season",50,"Site",2246,FALSE,TRUE,TRUE,803.017848133578,0.949022394936797,,0.647431901522293,0.76939925573856,1.74004864239486,FALSE
"Growing season",50,"Full",2246,FALSE,TRUE,TRUE,803.432429566349,0.949591831412029,,0.645510692336786,0.777246703128405,1.94562374631636,FALSE
"Post-growing season",1,"Storm",2246,TRUE,TRUE,TRUE,702.337655999387,0.912625491792158,,0.39910498845657,0.590354557344088,1.53592789458833,FALSE
"Post-growing season",1,"Agricultural",2246,TRUE,TRUE,TRUE,678.109496921982,0.923158323158323,,0.43520367199622,0.652843699687141,2.06249171071321,FALSE
"Post-growing season",1,"Site",2246,TRUE,TRUE,TRUE,696.445679325155,0.909104938271605,,0.524675395753205,0.588422817444395,0.509553542120423,FALSE
"Post-growing season",1,"Full",2246,TRUE,TRUE,TRUE,676.436364789379,0.920312711979379,,0.537196104910487,0.641947148160697,0.962475560214194,FALSE
"Post-growing season",2,"Storm",2246,TRUE,TRUE,TRUE,797.61474065399,0.89558524173028,,0.336717073315129,0.521590429399609,1.27131437230355,FALSE
"Post-growing season",2,"Agricultural",2246,TRUE,TRUE,TRUE,774.351522029509,0.908635496183206,,0.379657853844043,0.634318333067451,2.29106206645991,FALSE
"Post-growing season",2,"Site",2246,TRUE,TRUE,TRUE,794.071289006974,0.89125,,0.442991052399501,0.519606091507134,0.524680624100482,FALSE
"Post-growing season",2,"Full",2246,TRUE,TRUE,TRUE,772.415291781335,0.906682569974555,,0.476615211293591,0.615097199294451,1.18364293161764,FALSE
"Post-growing season",3,"Storm",2246,TRUE,TRUE,TRUE,787.218619387555,0.900270356234097,,0.347660554069926,0.556107858114467,1.54488912603439,FALSE
"Post-growing season",3,"Agricultural",2246,TRUE,TRUE,TRUE,760.694375093307,0.910881043256997,,0.405568926041848,0.621973728674304,1.88331689663446,FALSE
"Post-growing season",3,"Site",2246,TRUE,TRUE,TRUE,783.458629366165,0.898320610687023,,0.447573361104097,0.54723375189659,0.724147493841145,FALSE
"Post-growing season",3,"Full",2246,TRUE,TRUE,TRUE,758.827498443505,0.908724554707379,,0.495200509931611,0.610526766672937,0.974157257973026,FALSE
"Post-growing season",4,"Storm",2246,TRUE,TRUE,TRUE,783.343778210471,0.904798498039677,,0.34355982846264,0.5650193571543,1.67495418090261,FALSE
"Post-growing season",4,"Agricultural",2246,TRUE,TRUE,TRUE,746.51977460226,0.918885403199802,,0.410282290432567,0.679371422632934,2.76103823439458,FALSE
"Post-growing season",4,"Site",2246,TRUE,TRUE,TRUE,784.677579482891,0.902249022851856,,0.427972265387387,0.558033416756354,0.968136627390128,FALSE
"Post-growing season",4,"Full",2246,TRUE,TRUE,TRUE,749.842749093696,0.918282690389443,,0.477717764699604,0.673186324559497,1.96768322303477,FALSE
"Post-growing season",5,"Storm",2246,TRUE,TRUE,TRUE,711.104695288506,0.91795270825228,,0.376881149174646,0.6306833269448,2.26086650787087,FALSE
"Post-growing season",5,"Agricultural",2246,TRUE,TRUE,TRUE,661.170305979332,0.937804468474939,,0.424173583727135,0.787856529377254,5.63990458980858,FALSE
"Post-growing season",5,"Site",2246,TRUE,TRUE,TRUE,707.499526746887,0.916639233329676,,0.506137403623996,0.628320059374946,1.08148108549918,FALSE
"Post-growing season",5,"Full",2246,TRUE,TRUE,TRUE,658.232049295713,0.938313232179138,,0.550751686324135,0.775073852898168,3.28103405052138,FALSE
"Post-growing season",6,"Storm",2246,TRUE,TRUE,TRUE,743.910512441389,0.912331454396464,,0.404826454251124,0.574352319080508,1.31028022832106,FALSE
"Post-growing season",6,"Agricultural",2246,TRUE,TRUE,TRUE,719.422934192075,0.92239142310844,,0.444389795699079,0.64387733859867,1.84286983555694,FALSE
"Post-growing season",6,"Site",2246,TRUE,TRUE,TRUE,737.600614640222,0.909041245561322,,0.521675606931212,0.581417011747712,0.469539731628091,FALSE
"Post-growing season",6,"Full",2246,TRUE,TRUE,TRUE,717.649000153808,0.921190186486554,,0.541255306938482,0.649948515133038,1.02152493975112,FALSE
"Post-growing season",7,"Storm",2246,TRUE,TRUE,TRUE,748.091554677617,0.916395014381592,,0.389440866195243,0.589621461253581,1.60478119220981,FALSE
"Post-growing season",7,"Agricultural",2246,TRUE,TRUE,TRUE,723.390074490202,0.927004434324065,,0.436305136964053,0.640091755978408,1.86278340411914,FALSE
"Post-growing season",7,"Site",2246,TRUE,TRUE,TRUE,747.128818217133,0.913983101629914,,0.485620961969362,0.592800113483531,0.865926752042067,FALSE
"Post-growing season",7,"Full",2246,TRUE,TRUE,TRUE,724.215624212564,0.925536313518696,,0.514708656243728,0.640263378983296,1.14822472121012,FALSE
"Post-growing season",8,"Storm",2246,TRUE,TRUE,TRUE,800.423564154672,0.893299458667527,,0.344773465118271,0.532052454036656,1.31665008838786,FALSE
"Post-growing season",8,"Agricultural",2246,TRUE,TRUE,TRUE,784.662552445669,0.90233822105237,,0.378692613104528,0.58192083028158,1.59920437081093,FALSE
"Post-growing season",8,"Site",2246,TRUE,TRUE,TRUE,797.911370692714,0.890959064835738,,0.438235148830377,0.527495957560319,0.621489477026227,FALSE
"Post-growing season",8,"Full",2246,TRUE,TRUE,TRUE,782.389163070771,0.901078008989099,,0.468265072060574,0.572426502213675,0.801446702368286,FALSE
"Post-growing season",9,"Storm",2246,TRUE,TRUE,TRUE,789.663190580581,0.919815463891654,,0.39448341646801,0.627661717165838,2.06029273996773,FALSE
"Post-growing season",9,"Agricultural",2246,TRUE,TRUE,TRUE,751.784185381199,0.931510000585563,,0.452792476445857,0.710288103451991,2.92403131506629,FALSE
"Post-growing season",9,"Site",2246,TRUE,TRUE,TRUE,778.168257402296,0.917936084365737,,0.548955230705283,0.627868778408411,0.697644139599686,FALSE
"Post-growing season",9,"Full",2246,TRUE,TRUE,TRUE,744.489006347016,0.93062607876106,,0.589807755990275,0.708907000982411,1.3460330965338,FALSE
"Post-growing season",10,"Storm",2246,TRUE,TRUE,TRUE,745.075137584963,0.896042074363992,,0.417984561760479,0.569792624660288,1.16090178179281,FALSE
"Post-growing season",10,"Agricultural",2246,TRUE,TRUE,TRUE,731.327116172553,0.900872472276582,,0.443589039013927,0.614370232887719,1.45696119821688,FALSE
"Post-growing season",10,"Site",2246,TRUE,TRUE,TRUE,734.378314494973,0.890477821265492,,0.531757464925559,0.563071304514796,0.235778524214155,FALSE
"Post-growing season",10,"Full",2246,TRUE,TRUE,TRUE,724.780434566317,0.897682648401826,,0.54055645262218,0.597369650516272,0.464217189699736,FALSE
"Post-growing season",11,"Storm",2246,TRUE,TRUE,TRUE,771.399000855087,0.897792628011253,,0.408844470473267,0.571700549660349,1.25093558927393,FALSE
"Post-growing season",11,"Agricultural",2246,TRUE,TRUE,TRUE,756.939527908265,0.903758325252118,,0.433298596295841,0.620015847494037,1.61658093022358,FALSE
"Post-growing season",11,"Site",2246,TRUE,TRUE,TRUE,771.383011770575,0.894784175540001,,0.479768566921699,0.565311405879741,0.647416711090735,FALSE
"Post-growing season",11,"Full",2246,TRUE,TRUE,TRUE,756.932218489527,0.900996309845001,,0.504794385614814,0.611681142124572,0.905553070689274,FALSE
"Post-growing season",12,"Storm",2246,TRUE,TRUE,TRUE,788.841639902854,0.905669418050646,,0.39570161364462,0.567550143200611,1.30734001253495,FALSE
"Post-growing season",12,"Agricultural",2246,TRUE,TRUE,TRUE,762.461504073042,0.919278673308562,,0.433108725891363,0.688495434064192,2.69719511321883,FALSE
"Post-growing season",12,"Site",2246,TRUE,TRUE,TRUE,778.788839062138,0.902273131364271,,0.520871474375146,0.565936625329398,0.34155934989244,FALSE
"Post-growing season",12,"Full",2246,TRUE,TRUE,TRUE,758.854940157643,0.916870835631176,,0.542504084383199,0.662093703810267,1.16432893530072,FALSE
"Post-growing season",13,"Storm",2246,TRUE,TRUE,TRUE,811.11217971677,0.904801246677473,,0.341700506243198,0.543081683438366,1.44996926926942,FALSE
"Post-growing season",13,"Agricultural",2246,TRUE,TRUE,TRUE,780.766640203175,0.918454587152043,,0.416904719279134,0.651150502251165,2.20908369318431,FALSE
"Post-growing season",13,"Site",2246,TRUE,TRUE,TRUE,803.725865488404,0.90267881816343,,0.474284182334955,0.547131439597018,0.529199620482358,FALSE
"Post-growing season",13,"Full",2246,TRUE,TRUE,TRUE,777.879808984294,0.917639802514437,,0.525358341740652,0.649056526584561,1.15959049630859,FALSE
"Post-growing season",14,"Storm",2246,TRUE,TRUE,TRUE,776.746417872228,0.916478415687614,,0.400365974201315,0.602841393111769,1.67720758653435,FALSE
"Post-growing season",14,"Agricultural",2246,TRUE,TRUE,TRUE,754.910656936687,0.921665012414256,,0.446763335405369,0.635474535184913,1.70313194152652,FALSE
"Post-growing season",14,"Site",2246,TRUE,TRUE,TRUE,776.492041698236,0.913191509414512,,0.492229953149938,0.594830334986774,0.833087360326152,FALSE
"Post-growing season",14,"Full",2246,TRUE,TRUE,TRUE,755.192210444026,0.919535591952381,,0.525992719072743,0.629437635796656,0.918388287635577,FALSE
"Post-growing season",15,"Storm",2246,TRUE,TRUE,TRUE,763.703329865768,0.906696457847353,,0.422002079862561,0.554752517967205,0.980873455052007,FALSE
"Post-growing season",15,"Agricultural",2246,TRUE,TRUE,TRUE,738.190686259079,0.916648710766358,,0.469699529894752,0.620227132570505,1.30397931436375,FALSE
"Post-growing season",15,"Site",2246,TRUE,TRUE,TRUE,756.88640400654,0.901946731870006,,0.502494430967292,0.547336852235333,0.325906037405574,FALSE
"Post-growing season",15,"Full",2246,TRUE,TRUE,TRUE,734.804507087405,0.91368208375881,,0.53183601910966,0.599020034243774,0.551215944334405,FALSE
"Post-growing season",16,"Storm",2246,TRUE,TRUE,TRUE,738.214401373173,0.919404951017309,,0.389507258465751,0.608177017088379,1.83601958555331,FALSE
"Post-growing season",16,"Agricultural",2246,TRUE,TRUE,TRUE,706.279588127633,0.926463458882286,,0.449988584385701,0.666035110355536,2.12826139280894,FALSE
"Post-growing season",16,"Site",2246,TRUE,TRUE,TRUE,730.364737103455,0.918002396538739,,0.5247835793513,0.610298072162393,0.721914326750928,FALSE
"Post-growing season",16,"Full",2246,TRUE,TRUE,TRUE,700.531757581781,0.92673787171505,,0.570785942256061,0.667130104963379,0.952202633775546,FALSE
"Post-growing season",17,"Storm",2246,TRUE,TRUE,TRUE,765.683579073115,0.903133243856158,,0.391229782271288,0.550115224815314,1.16188007055644,FALSE
"Post-growing season",17,"Agricultural",2246,TRUE,TRUE,TRUE,744.472715631199,0.910760401721664,,0.438233903867326,0.612463104146382,1.47906199407143,FALSE
"Post-growing season",17,"Site",2246,TRUE,TRUE,TRUE,757.971774348557,0.899736196602953,,0.50974662525841,0.555943949928696,0.342261086793874,FALSE
"Post-growing season",17,"Full",2246,TRUE,TRUE,TRUE,739.794502238842,0.908467934774224,,0.537420561327695,0.606015935893012,0.57278899696848,FALSE
"Post-growing season",18,"Storm",2246,TRUE,TRUE,TRUE,877.817971821697,0.879903972718344,,0.333989973686361,0.51246365006143,1.20433042722661,FALSE
"Post-growing season",18,"Agricultural",2246,TRUE,TRUE,TRUE,851.471959564399,0.891263648748679,,0.374212640189195,0.600084133445142,1.85810939279454,FALSE
"Post-growing season",18,"Site",2246,TRUE,TRUE,TRUE,872.743728120039,0.876021405961526,,0.434651351011614,0.50233699974346,0.447445075797646,FALSE
"Post-growing season",18,"Full",2246,TRUE,TRUE,TRUE,851.799969404771,0.888245154712221,,0.451740663086672,0.583416690705205,1.03988027741021,FALSE
"Post-growing season",19,"Storm",2246,TRUE,TRUE,TRUE,836.159512767901,0.884784664629711,,0.294933426005223,0.493020645166005,1.28541887119443,FALSE
"Post-growing season",19,"Agricultural",2246,TRUE,TRUE,TRUE,801.305278978886,0.899643532664048,,0.374277660501926,0.590858954166286,1.74151164650126,FALSE
"Post-growing season",19,"Site",2246,TRUE,TRUE,TRUE,831.519865256511,0.883214510888016,,0.417059333384966,0.499043478794366,0.538404065090513,FALSE
"Post-growing season",19,"Full",2246,TRUE,TRUE,TRUE,798.596836792969,0.898649304039963,,0.482325363946389,0.59355483956529,0.900319017146202,FALSE
"Post-growing season",20,"Storm",2246,TRUE,TRUE,TRUE,867.091608365573,0.885307307462996,,0.325248034338368,0.48477885344978,1.01866035905412,FALSE
"Post-growing season",20,"Agricultural",2246,TRUE,TRUE,TRUE,860.443717105289,0.890157635666618,,0.341908698909765,0.516874831782764,1.19144176888786,FALSE
"Post-growing season",20,"Site",2246,TRUE,TRUE,TRUE,856.02315942655,0.882032471852831,,0.449981150442253,0.492265897044023,0.273984433144646,FALSE
"Post-growing season",20,"Full",2246,TRUE,TRUE,TRUE,851.303153938286,0.887343638840645,,0.461999296102246,0.520495616826987,0.401341860980174,FALSE
"Post-growing season",21,"Storm",2246,TRUE,TRUE,TRUE,736.615085042296,0.9105642530985,,0.412194365176739,0.602882861778658,1.5797354182268,FALSE
"Post-growing season",21,"Agricultural",2246,TRUE,TRUE,TRUE,717.522869318788,0.917438030006523,,0.426172070836107,0.66551685731703,2.35411799737931,FALSE
"Post-growing season",21,"Site",2246,TRUE,TRUE,TRUE,727.769874880222,0.904530332681018,,0.540570878380196,0.58485934355825,0.350973117228397,FALSE
"Post-growing season",21,"Full",2246,TRUE,TRUE,TRUE,712.140731454672,0.914711350293542,,0.554596353071334,0.644130513260646,0.827706761776527,FALSE
"Post-growing season",22,"Storm",2246,TRUE,TRUE,TRUE,726.74160972042,0.920282410474535,,0.3640677286316,0.620662407398863,2.22535987315157,FALSE
"Post-growing season",22,"Agricultural",2246,TRUE,TRUE,TRUE,691.252990922373,0.935759938294719,,0.411662386137164,0.715429109064551,3.51178737414472,FALSE
"Post-growing season",22,"Site",2246,TRUE,TRUE,TRUE,723.783300308855,0.918176493744659,,0.490339280300919,0.617903657286985,1.09833550319143,FALSE
"Post-growing season",22,"Full",2246,TRUE,TRUE,TRUE,689.915636717099,0.934550156343514,,0.528100196757882,0.706459800081851,1.99897518458422,FALSE
"Post-growing season",23,"Storm",2246,TRUE,TRUE,TRUE,730.01274447706,0.917531596752152,,0.415216986176299,0.601093341380865,1.53296187111033,FALSE
"Post-growing season",23,"Agricultural",2246,TRUE,TRUE,TRUE,690.904709680182,0.929664621559082,,0.469459377276107,0.673253311720591,2.05191114346114,FALSE
"Post-growing season",23,"Site",2246,TRUE,TRUE,TRUE,715.788275145626,0.916782684115691,,0.566109702209902,0.609383542913017,0.364462958405583,FALSE
"Post-growing season",23,"Full",2246,TRUE,TRUE,TRUE,681.190397345977,0.929302967166262,,0.604284930672503,0.678642266386535,0.761225897760434,FALSE
"Post-growing season",24,"Storm",2246,TRUE,TRUE,TRUE,755.902635064122,0.903829006031996,,0.402511504967486,0.547705482625146,1.05610176986666,FALSE
"Post-growing season",24,"Agricultural",2246,TRUE,TRUE,TRUE,744.151402126043,0.909600283858626,,0.429114582102735,0.602495004084948,1.43494731172644,FALSE
"Post-growing season",24,"Site",2246,TRUE,TRUE,TRUE,747.988697880634,0.900863917557582,,0.508695886153594,0.54635871635931,0.273135954303367,FALSE
"Post-growing season",24,"Full",2246,TRUE,TRUE,TRUE,738.926236863634,0.906298884620725,,0.523557709838535,0.587005038864117,0.505413783633856,FALSE
"Post-growing season",25,"Storm",2246,TRUE,TRUE,TRUE,717.183509672841,0.920082725446665,,0.37969358071509,0.610925852216844,1.95521518412429,FALSE
"Post-growing season",25,"Agricultural",2246,TRUE,TRUE,TRUE,685.085816594363,0.93611904006766,,0.416944399070408,0.739184144511266,4.06465422874624,FALSE
"Post-growing season",25,"Site",2246,TRUE,TRUE,TRUE,708.56497717608,0.916187625541812,,0.530159691703169,0.601796584161296,0.591848086482759,FALSE
"Post-growing season",25,"Full",2246,TRUE,TRUE,TRUE,679.828548458451,0.934348239771646,,0.563150776078483,0.721726098211635,1.8747424595831,FALSE
"Post-growing season",26,"Storm",2246,TRUE,TRUE,TRUE,817.129954041321,0.907822306783809,,0.358320361214597,0.547505493246293,1.3754733548158,FALSE
"Post-growing season",26,"Agricultural",2246,TRUE,TRUE,TRUE,786.574840245049,0.915026404224676,,0.422077677705538,0.610067057179825,1.58606827249026,FALSE
"Post-growing season",26,"Site",2246,TRUE,TRUE,TRUE,812.755374670363,0.906676601998651,,0.464702958547492,0.551272030014777,0.634684817158337,FALSE
"Post-growing season",26,"Full",2246,TRUE,TRUE,TRUE,782.49406229182,0.915618400784616,,0.523872996752656,0.617247891003583,0.802584967823884,FALSE
"Post-growing season",27,"Storm",2246,TRUE,TRUE,TRUE,755.3028051981,0.914142787146944,,0.404512097992586,0.59530731260146,1.55103147684343,FALSE
"Post-growing season",27,"Agricultural",2246,TRUE,TRUE,TRUE,730.648041842224,0.922639839415828,,0.449121473003224,0.667455461291844,2.15998143696457,FALSE
"Post-growing season",27,"Site",2246,TRUE,TRUE,TRUE,746.656469719273,0.912511656577471,,0.525437966337348,0.595407103202096,0.568940373237811,FALSE
"Post-growing season",27,"Full",2246,TRUE,TRUE,TRUE,725.790078571758,0.921372236008156,,0.556562248677574,0.65654675569848,0.95773107102365,FALSE
"Post-growing season",28,"Storm",2246,TRUE,TRUE,TRUE,740.235889154144,0.921401729183053,,0.390380787647817,0.583007797775149,1.51973456320271,FALSE
"Post-growing season",28,"Agricultural",2246,TRUE,TRUE,TRUE,726.116134549252,0.926588072916196,,0.422878272968033,0.608261526682939,1.55687148559442,FALSE
"Post-growing season",28,"Site",2246,TRUE,TRUE,TRUE,727.13890317461,0.918632263819451,,0.544614529979486,0.586610509592104,0.334215644753321,FALSE
"Post-growing season",28,"Full",2246,TRUE,TRUE,TRUE,712.836538486903,0.923803539732335,,0.570626825165458,0.610210080795999,0.334086862976895,FALSE
"Post-growing season",29,"Storm",2246,TRUE,TRUE,TRUE,797.492169261869,0.916433529187504,,0.443365749275297,0.61158576511634,1.42482334544487,FALSE
"Post-growing season",29,"Agricultural",2246,TRUE,TRUE,TRUE,764.88466563255,0.924068197618353,,0.495273981094427,0.66054944468874,1.60180760482844,FALSE
"Post-growing season",29,"Site",2246,TRUE,TRUE,TRUE,794.451347230823,0.913078031441322,,0.534147694185821,0.602901841763438,0.569612511373869,FALSE
"Post-growing season",29,"Full",2246,TRUE,TRUE,TRUE,764.344293489166,0.921848018658474,,0.567070668271725,0.6512036611884,0.79354747051565,FALSE
"Post-growing season",30,"Storm",2246,TRUE,TRUE,TRUE,755.119403608452,0.910559928374514,,0.383832801228635,0.573157160664402,1.45920727640586,FALSE
"Post-growing season",30,"Agricultural",2246,TRUE,TRUE,TRUE,729.974640671515,0.91839074536882,,0.424465198879951,0.639889479029696,1.96805545303022,FALSE
"Post-growing season",30,"Site",2246,TRUE,TRUE,TRUE,749.430279068318,0.908231455955479,,0.491472725688808,0.569930998397814,0.600176646651194,FALSE
"Post-growing season",30,"Full",2246,TRUE,TRUE,TRUE,725.632464770464,0.918268363692577,,0.523805236074495,0.633645613333559,0.986368309182528,FALSE
"Post-growing season",31,"Storm",2246,TRUE,TRUE,TRUE,840.781096891508,0.915991717758417,,0.369145507505833,0.587140859629122,1.7370960022833,FALSE
"Post-growing season",31,"Agricultural",2246,TRUE,TRUE,TRUE,788.461114565936,0.93364257287297,,0.434215740279138,0.71253410231427,3.18518028626458,FALSE
"Post-growing season",31,"Site",2246,TRUE,TRUE,TRUE,833.417703163197,0.915349037323868,,0.501601725463023,0.584553522236992,0.656884791294861,FALSE
"Post-growing season",31,"Full",2246,TRUE,TRUE,TRUE,784.360146374102,0.932991825319996,,0.550942953152673,0.691734883382045,1.50256016582401,FALSE
"Post-growing season",32,"Storm",2246,TRUE,TRUE,TRUE,709.57292655205,0.917586555454399,,0.336645457219918,0.567924869009459,1.76098718082242,FALSE
"Post-growing season",32,"Agricultural",2246,TRUE,TRUE,TRUE,679.517223316292,0.928354107534944,,0.412034064041706,0.653862443244856,2.29846043296214,FALSE
"Post-growing season",32,"Site",2246,TRUE,TRUE,TRUE,704.629859322512,0.910902439350935,,0.484447967362371,0.550746693777588,0.485503532900203,FALSE
"Post-growing season",32,"Full",2246,TRUE,TRUE,TRUE,679.878575582451,0.925606155947089,,0.510980902486196,0.641610483297014,1.19912574224034,FALSE
"Post-growing season",33,"Storm",2246,TRUE,TRUE,TRUE,824.889979805792,0.884103945767426,,0.355786109038831,0.505197776291989,0.993416479042906,FALSE
"Post-growing season",33,"Agricultural",2246,TRUE,TRUE,TRUE,805.857575373761,0.88968488490477,,0.396909033154409,0.558131713367834,1.20036077290331,FALSE
"Post-growing season",33,"Site",2246,TRUE,TRUE,TRUE,816.909131701342,0.881515234287701,,0.457392294047353,0.505080015507668,0.316993292080973,FALSE
"Post-growing season",33,"Full",2246,TRUE,TRUE,TRUE,800.10830488769,0.888207394899555,,0.489520531398665,0.55456517703739,0.480403183413411,FALSE
"Post-growing season",34,"Storm",2246,TRUE,TRUE,TRUE,778.719148699857,0.927726833976834,,0.381408511524079,0.609065432834616,1.91582252821894,FALSE
"Post-growing season",34,"Agricultural",2246,TRUE,TRUE,TRUE,750.661107578459,0.934877457506768,,0.430056523742429,0.657510062125593,2.18485877999035,FALSE
"Post-growing season",34,"Site",2246,TRUE,TRUE,TRUE,765.770018547634,0.924420572049882,,0.562808459803671,0.616013562441691,0.455843630394603,FALSE
"Post-growing season",34,"Full",2246,TRUE,TRUE,TRUE,741.330090938164,0.933532208316691,,0.588483350023293,0.663795443400495,0.736952701027103,FALSE
"Post-growing season",35,"Storm",2246,TRUE,TRUE,TRUE,770.693902261188,0.918101791858439,,0.412094558392047,0.59566056453283,1.49356679329266,FALSE
"Post-growing season",35,"Agricultural",2246,TRUE,TRUE,TRUE,730.826255517313,0.93048840430761,,0.466434506117867,0.696799425866452,2.49956719497695,FALSE
"Post-growing season",35,"Site",2246,TRUE,TRUE,TRUE,764.623194915506,0.915381980130182,,0.521231154552666,0.59401466474939,0.589795074019022,FALSE
"Post-growing season",35,"Full",2246,TRUE,TRUE,TRUE,730.56391701123,0.929135945901664,,0.544928513674777,0.683746643893799,1.44407429729705,FALSE
"Post-growing season",36,"Storm",2246,TRUE,TRUE,TRUE,802.415251949224,0.914764986621274,,0.372614388727848,0.567587065130888,1.48338392151484,FALSE
"Post-growing season",36,"Agricultural",2246,TRUE,TRUE,TRUE,774.923254564529,0.923042803282324,,0.43357308816483,0.640106995242594,1.88797589961759,FALSE
"Post-growing season",36,"Site",2246,TRUE,TRUE,TRUE,802.456569336866,0.912342702761864,,0.457467755744641,0.561703480300715,0.782396786643565,FALSE
"Post-growing season",36,"Full",2246,TRUE,TRUE,TRUE,775.472667603614,0.922507078195701,,0.507348402830994,0.634620522585464,1.14595514244825,FALSE
"Post-growing season",37,"Storm",2246,TRUE,TRUE,TRUE,807.977180485761,0.901426174496644,,0.383288518765072,0.539664782886287,1.11757099842261,FALSE
"Post-growing season",37,"Agricultural",2246,TRUE,TRUE,TRUE,788.375124966236,0.912550934803452,,0.422062983189443,0.618466997155944,1.69354499364917,FALSE
"Post-growing season",37,"Site",2246,TRUE,TRUE,TRUE,800.12414408561,0.898100431447747,,0.49761207449398,0.549012647204282,0.374957535206024,FALSE
"Post-growing season",37,"Full",2246,TRUE,TRUE,TRUE,782.391826588838,0.910501558005753,,0.53213788108958,0.616049256160066,0.718991598084051,FALSE
"Post-growing season",38,"Storm",2246,TRUE,TRUE,TRUE,750.763636669394,0.891685133146449,,0.339039075073598,0.526186844432895,1.2994394002645,FALSE
"Post-growing season",38,"Agricultural",2246,TRUE,TRUE,TRUE,730.302444839011,0.901341195671844,,0.376657464256896,0.586326202693672,1.66745514390102,FALSE
"Post-growing season",38,"Site",2246,TRUE,TRUE,TRUE,743.324384423631,0.887403413766377,,0.463290455482309,0.523402621730406,0.414943743301954,FALSE
"Post-growing season",38,"Full",2246,TRUE,TRUE,TRUE,725.360181821494,0.899012541272155,,0.48610526669747,0.572681702582025,0.666540747884309,FALSE
"Post-growing season",39,"Storm",2246,TRUE,TRUE,TRUE,758.537818551032,0.908472032618817,,0.411170350543124,0.598135909398683,1.53059715601177,FALSE
"Post-growing season",39,"Agricultural",2246,TRUE,TRUE,TRUE,725.345324278731,0.918624729909322,,0.461590832658541,0.67140775227001,2.10068862704073,FALSE
"Post-growing season",39,"Site",2246,TRUE,TRUE,TRUE,758.141467389937,0.904376599072425,,0.490753559039106,0.582327519193756,0.721297828402827,FALSE
"Post-growing season",39,"Full",2246,TRUE,TRUE,TRUE,727.842543411923,0.916093336105812,,0.51205797766838,0.653086246573303,1.33740563248877,FALSE
"Post-growing season",40,"Storm",2246,TRUE,TRUE,TRUE,736.341746981911,0.923395902343271,,0.372426895643723,0.622433137766437,2.17838918468418,FALSE
"Post-growing season",40,"Agricultural",2246,TRUE,TRUE,TRUE,716.661331423881,0.929830695620169,,0.406049783302026,0.658013920293876,2.4238670352785,FALSE
"Post-growing season",40,"Site",2246,TRUE,TRUE,TRUE,726.355983534805,0.921856213961477,,0.52366938005261,0.622379867916806,0.859976629674233,FALSE
"Post-growing season",40,"Full",2246,TRUE,TRUE,TRUE,706.313585376519,0.928174457121826,,0.556717603358769,0.646961711354089,0.840960385023376,FALSE
"Post-growing season",41,"Storm",2246,TRUE,TRUE,TRUE,807.005123094047,0.899833995893583,,0.414038058906983,0.558556047837939,1.07702263039563,FALSE
"Post-growing season",41,"Agricultural",2246,TRUE,TRUE,TRUE,766.928127590414,0.915857760691975,,0.464460651365497,0.634269913700102,1.52749282021882,FALSE
"Post-growing season",41,"Site",2246,TRUE,TRUE,TRUE,794.777872605034,0.896709041399094,,0.520937721069711,0.557906571482904,0.275106199433258,FALSE
"Post-growing season",41,"Full",2246,TRUE,TRUE,TRUE,761.660433820536,0.914290914915615,,0.549690285957382,0.629219526139219,0.705648574874947,FALSE
"Post-growing season",42,"Storm",2246,TRUE,TRUE,TRUE,797.726745259342,0.893360729904992,,0.377907124909335,0.538674658075211,1.14648803399494,FALSE
"Post-growing season",42,"Agricultural",2246,TRUE,TRUE,TRUE,761.389844825658,0.905755165133464,,0.436744014058542,0.617271606110992,1.55178445558057,FALSE
"Post-growing season",42,"Site",2246,TRUE,TRUE,TRUE,791.228266201088,0.889113004574473,,0.479889648786851,0.536737482498743,0.403706040383276,FALSE
"Post-growing season",42,"Full",2246,TRUE,TRUE,TRUE,759.96271245873,0.9039517669532,,0.512986451008515,0.609367166779592,0.811708127307431,FALSE
"Post-growing season",43,"Storm",2246,TRUE,TRUE,TRUE,733.459030800401,0.905487529951305,,0.425976736024865,0.579194405711741,1.19785938177611,FALSE
"Post-growing season",43,"Agricultural",2246,TRUE,TRUE,TRUE,706.303435517186,0.911938332517455,,0.462670523351078,0.640304064902952,1.62468037807959,FALSE
"Post-growing season",43,"Site",2246,TRUE,TRUE,TRUE,726.974887904812,0.904067258392807,,0.522959442692655,0.581321212343341,0.458591483161991,FALSE
"Post-growing season",43,"Full",2246,TRUE,TRUE,TRUE,702.386172098751,0.909980225697576,,0.553353886032938,0.630893855930762,0.691119018617008,FALSE
"Post-growing season",44,"Storm",2246,TRUE,TRUE,TRUE,746.59320312453,0.911963204729014,,0.422109833335001,0.581520803344061,1.25320702817551,FALSE
"Post-growing season",44,"Agricultural",2246,TRUE,TRUE,TRUE,721.319159335843,0.927936272107983,,0.443926161526597,0.673924344447296,2.32051574508487,FALSE
"Post-growing season",44,"Site",2246,TRUE,TRUE,TRUE,744.092161595789,0.910076024593403,,0.505328822151497,0.578441687408219,0.570577493994887,FALSE
"Post-growing season",44,"Full",2246,TRUE,TRUE,TRUE,722.519496462186,0.927443139610236,,0.517336823901604,0.66698911086409,1.47843901228022,FALSE
"Post-growing season",45,"Storm",2246,TRUE,TRUE,TRUE,789.132690191868,0.912051476830958,,0.392297140321392,0.58285656727012,1.50287727698697,FALSE
"Post-growing season",45,"Agricultural",2246,TRUE,TRUE,TRUE,757.916574686893,0.921809136541698,,0.435976375822999,0.656392125139637,2.11036708671571,FALSE
"Post-growing season",45,"Site",2246,TRUE,TRUE,TRUE,787.003582282873,0.908709057598642,,0.482163510827602,0.57535456386382,0.721981798554315,FALSE
"Post-growing season",45,"Full",2246,TRUE,TRUE,TRUE,757.093531026028,0.920787345279056,,0.515236536790031,0.64675747902617,1.22489941353489,FALSE
"Post-growing season",46,"Storm",2246,TRUE,TRUE,TRUE,693.725568602554,0.918578009434713,,0.379119908954265,0.595297771661958,1.75733319940746,FALSE
"Post-growing season",46,"Agricultural",2246,TRUE,TRUE,TRUE,665.633321636096,0.925013757514718,,0.458632820128789,0.639388258442867,1.64903548047016,FALSE
"Post-growing season",46,"Site",2246,TRUE,TRUE,TRUE,685.959932556921,0.915971868910786,,0.523963413698586,0.592934481234632,0.557418171703852,FALSE
"Post-growing season",46,"Full",2246,TRUE,TRUE,TRUE,658.801284313648,0.923570516348081,,0.568871693932872,0.628236875034904,0.525344243265215,FALSE
"Post-growing season",47,"Storm",2246,TRUE,TRUE,TRUE,811.746370663347,0.905325871748741,,0.378501573713269,0.547038233599813,1.22408429993299,FALSE
"Post-growing season",47,"Agricultural",2246,TRUE,TRUE,TRUE,783.402234939345,0.912877863262545,,0.438321594616377,0.614262445727473,1.50055962421771,FALSE
"Post-growing season",47,"Site",2246,TRUE,TRUE,TRUE,802.159830132731,0.903918537336552,,0.49754607167991,0.552129089183106,0.400943498646135,FALSE
"Post-growing season",47,"Full",2246,TRUE,TRUE,TRUE,775.570886114027,0.912793483469094,,0.546443554740749,0.620613902839742,0.643172394830716,FALSE
"Post-growing season",48,"Storm",2246,TRUE,TRUE,TRUE,782.129630226464,0.902975291788339,,0.368217995594057,0.555138564157745,1.38232710795849,FALSE
"Post-growing season",48,"Agricultural",2246,TRUE,TRUE,TRUE,768.620419535758,0.910024018105493,,0.387390932470026,0.60616826327431,1.82755350031509,FALSE
"Post-growing season",48,"Site",2246,TRUE,TRUE,TRUE,775.642650792404,0.898873831113843,,0.489428565081741,0.550090084750264,0.443574132809008,FALSE
"Post-growing season",48,"Full",2246,TRUE,TRUE,TRUE,765.294917808955,0.907827129911733,,0.493978688926798,0.593322274658894,0.803651827040792,FALSE
"Post-growing season",49,"Storm",2246,TRUE,TRUE,TRUE,757.071557614008,0.901481140339577,,0.381636834526614,0.5748072052884,1.49462797829055,FALSE
"Post-growing season",49,"Agricultural",2246,TRUE,TRUE,TRUE,732.916143672297,0.910070401669544,,0.433392948854351,0.626635865326088,1.70274446290398,FALSE
"Post-growing season",49,"Site",2246,TRUE,TRUE,TRUE,756.227866130197,0.898981977687888,,0.468715362679896,0.568693041069004,0.762596965809433,FALSE
"Post-growing season",49,"Full",2246,TRUE,TRUE,TRUE,733.247759839542,0.908476219307964,,0.506563846209864,0.616452402377225,0.942565828683545,FALSE
"Post-growing season",50,"Storm",2246,TRUE,TRUE,TRUE,802.345119486123,0.900259171544752,,0.342891764302256,0.536791565530622,1.37714413150097,FALSE
"Post-growing season",50,"Agricultural",2246,TRUE,TRUE,TRUE,782.122938176697,0.909169310514321,,0.38612913080081,0.597462456029317,1.72718987997796,FALSE
"Post-growing season",50,"Site",2246,TRUE,TRUE,TRUE,795.578334807963,0.897458927268123,,0.466219203251302,0.540373416349847,0.530773439418652,FALSE
"Post-growing season",50,"Full",2246,TRUE,TRUE,TRUE,774.996836405207,0.90813858230186,,0.506458992436094,0.592197940963437,0.691683203471654,FALSE
