"Season","Rep","Comparison","Smaller_Model","Larger_Model","Delta_AIC","Chisq","P_Value"
"Pre-growing season",1,"Storm_Agricultural","Storm","Agricultural",-4.71706555530113,1.28293444469887,0.733189395511645
"Pre-growing season",1,"Storm_Site","Storm","Site",2.34718790116926,10.3471879011693,0.0349683191583334
"Pre-growing season",1,"Agricultural_Full","Agricultural","Full",3.02238331407966,11.0223833140797,0.026313605153604
"Pre-growing season",1,"Site_Full","Site","Full",-4.04187014239074,1.95812985760926,0.581142328354908
"Pre-growing season",2,"Storm_Agricultural","Storm","Agricultural",0.945052099111763,6.94505209911176,0.0736699242573423
"Pre-growing season",2,"Storm_Site","Storm","Site",3.57295058959289,11.5729505895929,0.0208261974831047
"Pre-growing season",2,"Agricultural_Full","Agricultural","Full",3.74228782408045,11.7422878240804,0.0193741938691059
"Pre-growing season",2,"Site_Full","Site","Full",1.11438933359932,7.11438933359932,0.0683398005221209
"Pre-growing season",3,"Storm_Agricultural","Storm","Agricultural",0.561256689731181,6.56125668973118,0.0872777448247772
"Pre-growing season",3,"Storm_Site","Storm","Site",4.85089964415738,12.8508996441574,0.0120277769636049
"Pre-growing season",3,"Agricultural_Full","Agricultural","Full",5.692719326413,13.692719326413,0.00834318721000607
"Pre-growing season",3,"Site_Full","Site","Full",1.4030763719868,7.4030763719868,0.0601018367137826
"Pre-growing season",4,"Storm_Agricultural","Storm","Agricultural",-0.959536428169713,5.04046357183029,0.168858068083999
"Pre-growing season",4,"Storm_Site","Storm","Site",3.52441843763404,11.524418437634,0.0212614527759119
"Pre-growing season",4,"Agricultural_Full","Agricultural","Full",3.41291918231809,11.4129191823181,0.0222950987617331
"Pre-growing season",4,"Site_Full","Site","Full",-1.07103568348566,4.92896431651434,0.177073240526193
"Pre-growing season",5,"Storm_Agricultural","Storm","Agricultural",0.571308910630933,6.57130891063093,0.0868922824478731
"Pre-growing season",5,"Storm_Site","Storm","Site",4.0791673809963,12.0791673809963,0.016772164244379
"Pre-growing season",5,"Agricultural_Full","Agricultural","Full",3.8798936858866,11.8798936858866,0.0182671168674413
"Pre-growing season",5,"Site_Full","Site","Full",0.372035215521237,6.37203521552124,0.0948480554569629
"Pre-growing season",6,"Storm_Agricultural","Storm","Agricultural",-3.98019573643546,2.01980426356454,0.568306447404561
"Pre-growing season",6,"Storm_Site","Storm","Site",3.58932589861047,11.5893258986105,0.0206812971659341
"Pre-growing season",6,"Agricultural_Full","Agricultural","Full",3.4620148119252,11.4620148119252,0.0218340940275844
"Pre-growing season",6,"Site_Full","Site","Full",-4.10750682312073,1.89249317687927,0.595017075634373
"Pre-growing season",7,"Storm_Agricultural","Storm","Agricultural",-2.22511893135288,3.77488106864712,0.286821434325231
"Pre-growing season",7,"Storm_Site","Storm","Site",4.08253014031197,12.082530140312,0.0167479868052757
"Pre-growing season",7,"Agricultural_Full","Agricultural","Full",4.21114793070728,12.2111479307073,0.0158482780685872
"Pre-growing season",7,"Site_Full","Site","Full",-2.09650114095757,3.90349885904243,0.272074825075943
"Pre-growing season",8,"Storm_Agricultural","Storm","Agricultural",-3.15431814295539,2.84568185704461,0.416034974556436
"Pre-growing season",8,"Storm_Site","Storm","Site",5.21415611847988,13.2141561184799,0.0102754376916851
"Pre-growing season",8,"Agricultural_Full","Agricultural","Full",5.55670291625006,13.5567029162501,0.00885292791140404
"Pre-growing season",8,"Site_Full","Site","Full",-2.81177134518521,3.18822865481479,0.363504516853448
"Pre-growing season",9,"Storm_Agricultural","Storm","Agricultural",-3.98386081576677,2.01613918423323,0.56906372302769
"Pre-growing season",9,"Storm_Site","Storm","Site",2.23453653637785,10.2345365363778,0.0366569354932312
"Pre-growing season",9,"Agricultural_Full","Agricultural","Full",1.92431607588901,9.92431607588901,0.0417220490592011
"Pre-growing season",9,"Site_Full","Site","Full",-4.29408127625561,1.70591872374439,0.635618730503329
"Pre-growing season",10,"Storm_Agricultural","Storm","Agricultural",-5.25996319808496,0.740036801915039,0.863748887732536
"Pre-growing season",10,"Storm_Site","Storm","Site",0.440740916747473,8.44074091674747,0.076703948667392
"Pre-growing season",10,"Agricultural_Full","Agricultural","Full",0.751552990647951,8.75155299064795,0.0676185133368521
"Pre-growing season",10,"Site_Full","Site","Full",-4.94915112418448,1.05084887581552,0.788950602776494
"Pre-growing season",11,"Storm_Agricultural","Storm","Agricultural",0.733587355144664,6.73358735514466,0.080891864341783
"Pre-growing season",11,"Storm_Site","Storm","Site",2.30000088082716,10.3000008808272,0.0356663259162781
"Pre-growing season",11,"Agricultural_Full","Agricultural","Full",2.43650453115515,10.4365045311552,0.0336829540358243
"Pre-growing season",11,"Site_Full","Site","Full",0.870091005472659,6.87009100547266,0.0761557237730683
"Pre-growing season",12,"Storm_Agricultural","Storm","Agricultural",6.05733429566999,12.05733429567,0.00718931590259851
"Pre-growing season",12,"Storm_Site","Storm","Site",1.46451475321305,9.46451475321305,0.0504815192089378
"Pre-growing season",12,"Agricultural_Full","Agricultural","Full",0.989561411465957,8.98956141146596,0.061360926253649
"Pre-growing season",12,"Site_Full","Site","Full",5.58238095392289,11.5823809539229,0.00895966051850343
"Pre-growing season",13,"Storm_Agricultural","Storm","Agricultural",-1.55413419792717,4.44586580207283,0.217170060052712
"Pre-growing season",13,"Storm_Site","Storm","Site",7.91758127739854,15.9175812773985,0.00313177483819052
"Pre-growing season",13,"Agricultural_Full","Agricultural","Full",8.49866147016724,16.4986614701672,0.0024180846016146
"Pre-growing season",13,"Site_Full","Site","Full",-0.973054005158474,5.02694599484153,0.169834626322994
"Pre-growing season",14,"Storm_Agricultural","Storm","Agricultural",1.37013548478239,7.37013548478239,0.0609908130801865
"Pre-growing season",14,"Storm_Site","Storm","Site",8.4033060914951,16.4033060914951,0.0025230926219786
"Pre-growing season",14,"Agricultural_Full","Agricultural","Full",8.6476237384245,16.6476237384245,0.00226260081268635
"Pre-growing season",14,"Site_Full","Site","Full",1.6144531317118,7.6144531317118,0.0546894515754641
"Pre-growing season",15,"Storm_Agricultural","Storm","Agricultural",0.263758268662059,6.26375826866206,0.0994596742566289
"Pre-growing season",15,"Storm_Site","Storm","Site",5.03839671241803,13.038396712418,0.0110896967161833
"Pre-growing season",15,"Agricultural_Full","Agricultural","Full",6.12742355532168,14.1274235553217,0.00689928284127246
"Pre-growing season",15,"Site_Full","Site","Full",1.35278511156571,7.35278511156571,0.0614641616264678
"Pre-growing season",16,"Storm_Agricultural","Storm","Agricultural",-4.20221362298298,1.79778637701702,0.615416763420427
"Pre-growing season",16,"Storm_Site","Storm","Site",6.42072746747021,14.4207274674702,0.00606654209537002
"Pre-growing season",16,"Agricultural_Full","Agricultural","Full",6.78941689185331,14.7894168918533,0.00515851317448041
"Pre-growing season",16,"Site_Full","Site","Full",-3.83352419859989,2.16647580140011,0.538581742017206
"Pre-growing season",17,"Storm_Agricultural","Storm","Agricultural",-4.35875031985825,1.64124968014175,0.650073316222692
"Pre-growing season",17,"Storm_Site","Storm","Site",3.00301407891607,11.0030140789161,0.026530161133808
"Pre-growing season",17,"Agricultural_Full","Agricultural","Full",3.18048014022588,11.1804801402259,0.024608821745035
"Pre-growing season",17,"Site_Full","Site","Full",-4.18128425854843,1.81871574145157,0.610870674507121
"Pre-growing season",18,"Storm_Agricultural","Storm","Agricultural",-1.40449771679118,4.59550228320882,0.203928258296898
"Pre-growing season",18,"Storm_Site","Storm","Site",3.53352627541699,11.533526275417,0.0211791031557559
"Pre-growing season",18,"Agricultural_Full","Agricultural","Full",3.623750629386,11.623750629386,0.020379865397753
"Pre-growing season",18,"Site_Full","Site","Full",-1.31427336282218,4.68572663717782,0.196310201444837
"Pre-growing season",19,"Storm_Agricultural","Storm","Agricultural",-4.09689874754372,1.90310125245628,0.59275987597713
"Pre-growing season",19,"Storm_Site","Storm","Site",7.72145063378503,15.721450633785,0.00341664333312941
"Pre-growing season",19,"Agricultural_Full","Agricultural","Full",7.73409374236644,15.7340937423664,0.00339753515467361
"Pre-growing season",19,"Site_Full","Site","Full",-4.0842556389623,1.9157443610377,0.590077072506856
"Pre-growing season",20,"Storm_Agricultural","Storm","Agricultural",-3.55622440713364,2.44377559286636,0.485537832423089
"Pre-growing season",20,"Storm_Site","Storm","Site",6.22844467092796,14.228444670928,0.00660053898036113
"Pre-growing season",20,"Agricultural_Full","Agricultural","Full",6.43880092114796,14.438800921148,0.00601858443598702
"Pre-growing season",20,"Site_Full","Site","Full",-3.34586815691364,2.65413184308636,0.448078466299665
"Pre-growing season",21,"Storm_Agricultural","Storm","Agricultural",-4.7696061883812,1.2303938116188,0.745724227895032
"Pre-growing season",21,"Storm_Site","Storm","Site",4.43583309421297,12.435833094213,0.0143881518002555
"Pre-growing season",21,"Agricultural_Full","Agricultural","Full",4.55498511922224,12.5549851192222,0.0136678873675682
"Pre-growing season",21,"Site_Full","Site","Full",-4.65045416337193,1.34954583662807,0.717402882688422
"Pre-growing season",22,"Storm_Agricultural","Storm","Agricultural",-0.148876071185896,5.8511239288141,0.119082345669086
"Pre-growing season",22,"Storm_Site","Storm","Site",-0.95292488866653,7.04707511133347,0.133421335384814
"Pre-growing season",22,"Agricultural_Full","Agricultural","Full",-1.19731211781254,6.80268788218746,0.146689964329832
"Pre-growing season",22,"Site_Full","Site","Full",-0.39326330033191,5.60673669966809,0.132392145823793
"Pre-growing season",23,"Storm_Agricultural","Storm","Agricultural",-5.57251784059758,0.427482159402416,0.934508603728099
"Pre-growing season",23,"Storm_Site","Storm","Site",5.87953666559565,13.8795366655957,0.0076896175109938
"Pre-growing season",23,"Agricultural_Full","Agricultural","Full",5.83390387556619,13.8339038755662,0.00784447621016037
"Pre-growing season",23,"Site_Full","Site","Full",-5.61815063062704,0.381849369372958,0.943965933696441
"Pre-growing season",24,"Storm_Agricultural","Storm","Agricultural",-1.42273742022371,4.57726257977629,0.205501311666316
"Pre-growing season",24,"Storm_Site","Storm","Site",2.31963635015131,10.3196363501513,0.035374257416491
"Pre-growing season",24,"Agricultural_Full","Agricultural","Full",0.8729744310765,8.8729744310765,0.064354134572495
"Pre-growing season",24,"Site_Full","Site","Full",-2.86939933929852,3.13060066070148,0.371924141200765
"Pre-growing season",25,"Storm_Agricultural","Storm","Agricultural",-3.58725115527795,2.41274884472205,0.491265841610742
"Pre-growing season",25,"Storm_Site","Storm","Site",8.44218528847841,16.4421852884784,0.00247974609364774
"Pre-growing season",25,"Agricultural_Full","Agricultural","Full",8.21499220172473,16.2149922017247,0.0027438361607415
"Pre-growing season",25,"Site_Full","Site","Full",-3.81444424203164,2.18555575796836,0.53479903739286
"Pre-growing season",26,"Storm_Agricultural","Storm","Agricultural",-3.63507640654416,2.36492359345584,0.500197481210044
"Pre-growing season",26,"Storm_Site","Storm","Site",0.998933300359568,8.99893330035957,0.0611261489070676
"Pre-growing season",26,"Agricultural_Full","Agricultural","Full",1.2283946549835,9.2283946549835,0.0556374523548215
"Pre-growing season",26,"Site_Full","Site","Full",-3.40561505192022,2.59438494807978,0.458474788480266
"Pre-growing season",27,"Storm_Agricultural","Storm","Agricultural",-1.38852037102674,4.61147962897326,0.2025595100197
"Pre-growing season",27,"Storm_Site","Storm","Site",5.84492634100798,13.844926341008,0.00780679315776344
"Pre-growing season",27,"Agricultural_Full","Agricultural","Full",6.38780201413897,14.387802014139,0.0061548745019341
"Pre-growing season",27,"Site_Full","Site","Full",-0.84564469789575,5.15435530210425,0.160837188101408
"Pre-growing season",28,"Storm_Agricultural","Storm","Agricultural",0.969797681969567,6.96979768196957,0.0728666787331587
"Pre-growing season",28,"Storm_Site","Storm","Site",6.83609128348371,14.8360912834837,0.00505353161966485
"Pre-growing season",28,"Agricultural_Full","Agricultural","Full",5.35890658398284,13.3589065839828,0.00964896200848423
"Pre-growing season",28,"Site_Full","Site","Full",-0.5073870175313,5.4926129824687,0.139081111014924
"Pre-growing season",29,"Storm_Agricultural","Storm","Agricultural",7.02985290024981,13.0298529002498,0.00457248957785218
"Pre-growing season",29,"Storm_Site","Storm","Site",5.07466636358981,13.0746663635898,0.0109166650708026
"Pre-growing season",29,"Agricultural_Full","Agricultural","Full",4.52147689769913,12.5214768976991,0.0138668121275863
"Pre-growing season",29,"Site_Full","Site","Full",6.47666343435912,12.4766634343591,0.00591654694599907
"Pre-growing season",30,"Storm_Agricultural","Storm","Agricultural",-5.05445987219309,0.945540127806908,0.814426303756927
"Pre-growing season",30,"Storm_Site","Storm","Site",5.99065206902469,13.9906520690247,0.0073249502987436
"Pre-growing season",30,"Agricultural_Full","Agricultural","Full",5.57778247518536,13.5777824751854,0.00877198007954324
"Pre-growing season",30,"Site_Full","Site","Full",-5.46732946603242,0.532670533967575,0.911657396380616
"Pre-growing season",31,"Storm_Agricultural","Storm","Agricultural",-4.06775814778416,1.93224185221584,0.586588565894623
"Pre-growing season",31,"Storm_Site","Storm","Site",7.78502010438774,15.7850201043877,0.00332162653135707
"Pre-growing season",31,"Agricultural_Full","Agricultural","Full",7.42384077690963,15.4238407769096,0.00389824767463763
"Pre-growing season",31,"Site_Full","Site","Full",-4.42893747526227,1.57106252473773,0.665968849781749
"Pre-growing season",32,"Storm_Agricultural","Storm","Agricultural",-1.16008925957112,4.8399107404291,0.183902069857006
"Pre-growing season",32,"Storm_Site","Storm","Site",7.87144570803548,15.8714457080353,0.00319660551974056
"Pre-growing season",32,"Agricultural_Full","Agricultural","Full",8.60292329797176,16.6029232979715,0.00230819350094811
"Pre-growing season",32,"Site_Full","Site","Full",-0.428611669634847,5.57138833036538,0.134430609032205
"Pre-growing season",33,"Storm_Agricultural","Storm","Agricultural",-0.703867240484442,5.29613275951556,0.15135352739526
"Pre-growing season",33,"Storm_Site","Storm","Site",2.45644207184773,10.4564420718477,0.0334023075886037
"Pre-growing season",33,"Agricultural_Full","Agricultural","Full",2.25648260371054,10.2564826037105,0.0363219334373883
"Pre-growing season",33,"Site_Full","Site","Full",-0.903826708621636,5.09617329137836,0.164888807843531
"Pre-growing season",34,"Storm_Agricultural","Storm","Agricultural",-4.12281277637157,1.87718722362843,0.598283852746202
"Pre-growing season",34,"Storm_Site","Storm","Site",3.5318673164029,11.5318673164029,0.0211940797566856
"Pre-growing season",34,"Agricultural_Full","Agricultural","Full",4.03108794091304,12.031087940913,0.0171215784042448
"Pre-growing season",34,"Site_Full","Site","Full",-3.62359215186143,2.37640784813857,0.498041403014449
"Pre-growing season",35,"Storm_Agricultural","Storm","Agricultural",-2.7037147609276,3.2962852390724,0.348160005031716
"Pre-growing season",35,"Storm_Site","Storm","Site",1.33612836330553,9.33612836330553,0.0532255605592743
"Pre-growing season",35,"Agricultural_Full","Agricultural","Full",1.53323673207251,9.53323673207251,0.0490687683492692
"Pre-growing season",35,"Site_Full","Site","Full",-2.50660639216062,3.49339360783938,0.321619959060032
"Pre-growing season",36,"Storm_Agricultural","Storm","Agricultural",-3.37846295474287,2.62153704525713,0.453726328924531
"Pre-growing season",36,"Storm_Site","Storm","Site",14.9439816325203,22.9439816325203,0.000129931207473177
"Pre-growing season",36,"Agricultural_Full","Agricultural","Full",14.5033458454946,22.5033458454946,0.000159094780438153
"Pre-growing season",36,"Site_Full","Site","Full",-3.81909874176858,2.18090125823142,0.535720018271494
"Pre-growing season",37,"Storm_Agricultural","Storm","Agricultural",-2.52454205185472,3.47545794814528,0.323959119907078
"Pre-growing season",37,"Storm_Site","Storm","Site",1.13116045543097,9.13116045543097,0.0579034109732887
"Pre-growing season",37,"Agricultural_Full","Agricultural","Full",0.701922442661953,8.70192244266195,0.0689974998552768
"Pre-growing season",37,"Site_Full","Site","Full",-2.95378006462374,3.04621993537626,0.384553724285522
"Pre-growing season",38,"Storm_Agricultural","Storm","Agricultural",-4.41430494110091,1.58569505889909,0.662637701359061
"Pre-growing season",38,"Storm_Site","Storm","Site",5.18847234406235,13.1884723440623,0.0103906739482773
"Pre-growing season",38,"Agricultural_Full","Agricultural","Full",5.09344343058569,13.0934434305857,0.0108281239922112
"Pre-growing season",38,"Site_Full","Site","Full",-4.50933385457756,1.49066614542244,0.684426248667111
"Pre-growing season",39,"Storm_Agricultural","Storm","Agricultural",-1.33358920840578,4.66641079159422,0.197918511221076
"Pre-growing season",39,"Storm_Site","Storm","Site",4.3065420161779,12.3065420161779,0.0152115347719489
"Pre-growing season",39,"Agricultural_Full","Agricultural","Full",3.77583470498598,11.775834704986,0.01909844073436
"Pre-growing season",39,"Site_Full","Site","Full",-1.8642965195977,4.1357034804023,0.247178541362795
"Pre-growing season",40,"Storm_Agricultural","Storm","Agricultural",-0.833185947712309,5.16681405228769,0.159981869972739
"Pre-growing season",40,"Storm_Site","Storm","Site",5.54986166208232,13.5498616620823,0.00887935580275327
"Pre-growing season",40,"Agricultural_Full","Agricultural","Full",4.86211979686163,12.8621197968616,0.0119695255274544
"Pre-growing season",40,"Site_Full","Site","Full",-1.520927812933,4.479072187067,0.214164613960421
"Pre-growing season",41,"Storm_Agricultural","Storm","Agricultural",13.2864967230416,19.2864967230416,0.000238527804123564
"Pre-growing season",41,"Storm_Site","Storm","Site",9.10152294488148,17.1015229448815,0.00184709603166934
"Pre-growing season",41,"Agricultural_Full","Agricultural","Full",9.84406459474644,17.8440645947464,0.0013237660607277
"Pre-growing season",41,"Site_Full","Site","Full",14.0290383729066,20.0290383729066,0.000167406500690616
"Pre-growing season",42,"Storm_Agricultural","Storm","Agricultural",-2.0299479984908,3.9700520015092,0.264716184428785
"Pre-growing season",42,"Storm_Site","Storm","Site",2.19782164319736,10.1978216431974,0.0372240351484607
"Pre-growing season",42,"Agricultural_Full","Agricultural","Full",1.32668634638708,9.32668634638708,0.0534328908710113
"Pre-growing season",42,"Site_Full","Site","Full",-2.90108329530108,3.09891670469892,0.376624181405743
"Pre-growing season",43,"Storm_Agricultural","Storm","Agricultural",-1.25136538411311,4.74863461588689,0.191156208738369
"Pre-growing season",43,"Storm_Site","Storm","Site",5.69264373247279,13.6926437324728,0.00834346237138895
"Pre-growing season",43,"Agricultural_Full","Agricultural","Full",6.23677652998231,14.2367765299823,0.00657647349677886
"Pre-growing season",43,"Site_Full","Site","Full",-0.707232586603595,5.2927674133964,0.151572391748727
"Pre-growing season",44,"Storm_Agricultural","Storm","Agricultural",-2.17742402240128,3.82257597759872,0.281271064001288
"Pre-growing season",44,"Storm_Site","Storm","Site",8.89721723847015,16.8972172384701,0.00202387533136475
"Pre-growing season",44,"Agricultural_Full","Agricultural","Full",8.54137203920573,16.5413720392057,0.00237245821824447
"Pre-growing season",44,"Site_Full","Site","Full",-2.53326922166571,3.46673077833429,0.325102730727364
"Pre-growing season",45,"Storm_Agricultural","Storm","Agricultural",5.61033137491472,11.6103313749147,0.00884448893329961
"Pre-growing season",45,"Storm_Site","Storm","Site",4.95142856151051,12.9514285615105,0.0115155773261328
"Pre-growing season",45,"Agricultural_Full","Agricultural","Full",3.63763882084481,11.6376388208448,0.0202594675667738
"Pre-growing season",45,"Site_Full","Site","Full",4.29654163424902,10.296541634249,0.016206536176675
"Pre-growing season",46,"Storm_Agricultural","Storm","Agricultural",-4.35332540647778,1.64667459352222,0.648853577366242
"Pre-growing season",46,"Storm_Site","Storm","Site",5.99151880416252,13.9915188041625,0.00732217345000953
"Pre-growing season",46,"Agricultural_Full","Agricultural","Full",5.9332007636865,13.9332007636865,0.00751133150078637
"Pre-growing season",46,"Site_Full","Site","Full",-4.4116434469538,1.5883565530462,0.662032765569187
"Pre-growing season",47,"Storm_Agricultural","Storm","Agricultural",-4.16869895614309,1.83130104385691,0.608147281404435
"Pre-growing season",47,"Storm_Site","Storm","Site",9.43250742859914,17.4325074285991,0.00159249455375116
"Pre-growing season",47,"Agricultural_Full","Agricultural","Full",9.83005590934681,17.8300559093468,0.00133212965465277
"Pre-growing season",47,"Site_Full","Site","Full",-3.77115047539542,2.22884952460458,0.526288291325454
"Pre-growing season",48,"Storm_Agricultural","Storm","Agricultural",-4.88206344160744,1.11793655839256,0.772745986585222
"Pre-growing season",48,"Storm_Site","Storm","Site",5.14159184396067,13.1415918439607,0.010604278593076
"Pre-growing season",48,"Agricultural_Full","Agricultural","Full",4.82324025113849,12.8232402511385,0.0121725596475328
"Pre-growing season",48,"Site_Full","Site","Full",-5.20041503442962,0.799584965570375,0.849566301584959
"Pre-growing season",49,"Storm_Agricultural","Storm","Agricultural",-1.57880303349066,4.42119696650934,0.219427966131262
"Pre-growing season",49,"Storm_Site","Storm","Site",4.92179786855104,12.921797868551,0.0116642925014398
"Pre-growing season",49,"Agricultural_Full","Agricultural","Full",5.35765191968062,13.3576519196806,0.00965422829629053
"Pre-growing season",49,"Site_Full","Site","Full",-1.14294898236108,4.85705101763892,0.182568863949037
"Pre-growing season",50,"Storm_Agricultural","Storm","Agricultural",-0.97712726308373,5.02287273691627,0.170129931411688
"Pre-growing season",50,"Storm_Site","Storm","Site",4.32629135840011,12.3262913584001,0.0150828573631124
"Pre-growing season",50,"Agricultural_Full","Agricultural","Full",4.21214852054891,12.2121485205489,0.0158414665386956
"Pre-growing season",50,"Site_Full","Site","Full",-1.09127010093493,4.90872989906507,0.178603691343378
"Growing season",1,"Storm_Agricultural","Storm","Agricultural",1.79802660527685,5.79802660527685,0.0550775381157984
"Growing season",1,"Storm_Site","Storm","Site",-4.76114787153301,3.23885212846699,0.518678613254376
"Growing season",1,"Agricultural_Full","Agricultural","Full",-5.84789859486443,2.15210140513557,0.707807358830016
"Growing season",1,"Site_Full","Site","Full",0.711275881945426,4.71127588194543,0.0948329893839976
"Growing season",2,"Storm_Agricultural","Storm","Agricultural",-2.77802858983341,1.22197141016659,0.542815549237926
"Growing season",2,"Storm_Site","Storm","Site",-6.51810572436375,1.48189427563625,0.829843756902717
"Growing season",2,"Agricultural_Full","Agricultural","Full",-6.34295460135036,1.65704539864964,0.79850477880578
"Growing season",2,"Site_Full","Site","Full",-2.60287746682002,1.39712253317998,0.497300271859788
"Growing season",3,"Storm_Agricultural","Storm","Agricultural",6.07827498956897,10.078274989569,0.00647933436863035
"Growing season",3,"Storm_Site","Storm","Site",-5.34151637903199,2.65848362096801,0.616498740670864
"Growing season",3,"Agricultural_Full","Agricultural","Full",-6.0357960282862,1.9642039717138,0.742342839085885
"Growing season",3,"Site_Full","Site","Full",5.38399534031475,9.38399534031475,0.00916835250585526
"Growing season",4,"Storm_Agricultural","Storm","Agricultural",25.9152158910775,29.9152158910775,3.19148940329794e-07
"Growing season",4,"Storm_Site","Storm","Site",-7.93231735434892,0.0676826456510753,0.999440138715657
"Growing season",4,"Agricultural_Full","Agricultural","Full",-7.07275547202107,0.927244527978928,0.920620022766985
"Growing season",4,"Site_Full","Site","Full",26.7747777734054,30.7747777734054,2.07654771886497e-07
"Growing season",5,"Storm_Agricultural","Storm","Agricultural",7.68802982706495,11.688029827065,0.0028971872874348
"Growing season",5,"Storm_Site","Storm","Site",-5.51358989957942,2.48641010042058,0.647070917330446
"Growing season",5,"Agricultural_Full","Agricultural","Full",-6.17651434995753,1.82348565004247,0.768182821618838
"Growing season",5,"Site_Full","Site","Full",7.02510537668684,11.0251053766868,0.00403579210351734
"Growing season",6,"Storm_Agricultural","Storm","Agricultural",9.15857596349065,13.1585759634906,0.00138883782075108
"Growing season",6,"Storm_Site","Storm","Site",-5.87379541528173,2.12620458471827,0.712559775282947
"Growing season",6,"Agricultural_Full","Agricultural","Full",-6.41749008179909,1.58250991820091,0.81193215892706
"Growing season",6,"Site_Full","Site","Full",8.61488129697329,12.6148812969733,0.00182269218472889
"Growing season",7,"Storm_Agricultural","Storm","Agricultural",-1.08735640477664,2.91264359522336,0.233092059660374
"Growing season",7,"Storm_Site","Storm","Site",-4.44176454146464,3.55823545853536,0.46907893701005
"Growing season",7,"Agricultural_Full","Agricultural","Full",-5.02383943685561,2.97616056314439,0.561822767186698
"Growing season",7,"Site_Full","Site","Full",-1.66943130016762,2.33056869983238,0.311833979458878
"Growing season",8,"Storm_Agricultural","Storm","Agricultural",-0.643232596246889,3.35676740375311,0.18667545552187
"Growing season",8,"Storm_Site","Storm","Site",-5.68763620192897,2.31236379807103,0.678518943247912
"Growing season",8,"Agricultural_Full","Agricultural","Full",-5.61390143041388,2.38609856958612,0.665140926037855
"Growing season",8,"Site_Full","Site","Full",-0.569497824731798,3.4305021752682,0.179918539720686
"Growing season",9,"Storm_Agricultural","Storm","Agricultural",3.977882907295,7.977882907295,0.0185193072930346
"Growing season",9,"Storm_Site","Storm","Site",-7.31020027946613,0.68979972053387,0.952580840832103
"Growing season",9,"Agricultural_Full","Agricultural","Full",-7.02130837246079,0.978691627539206,0.913009638594079
"Growing season",9,"Site_Full","Site","Full",4.26677481430033,8.26677481430033,0.0160284917314857
"Growing season",10,"Storm_Agricultural","Storm","Agricultural",-1.34994156113066,2.65005843886934,0.265795192590196
"Growing season",10,"Storm_Site","Storm","Site",-7.75380729162475,0.246192708375247,0.993017609547789
"Growing season",10,"Agricultural_Full","Agricultural","Full",-7.47393756439578,0.526062435604217,0.970914704440203
"Growing season",10,"Site_Full","Site","Full",-1.07007183390169,2.92992816609831,0.231086291243242
"Growing season",11,"Storm_Agricultural","Storm","Agricultural",8.35788389965262,12.3578838996526,0.00207261963049142
"Growing season",11,"Storm_Site","Storm","Site",-6.10733734033295,1.89266265966705,0.755492746250564
"Growing season",11,"Agricultural_Full","Agricultural","Full",-6.61607063850226,1.38392936149774,0.846983306036317
"Growing season",11,"Site_Full","Site","Full",7.8491506014833,11.8491506014833,0.00267294264093217
"Growing season",12,"Storm_Agricultural","Storm","Agricultural",0.498261478926565,4.49826147892657,0.105490883780476
"Growing season",12,"Storm_Site","Storm","Site",-4.80329801803089,3.19670198196911,0.525463798112003
"Growing season",12,"Agricultural_Full","Agricultural","Full",-5.01196112163086,2.98803887836914,0.559829056794669
"Growing season",12,"Site_Full","Site","Full",0.289598375326591,4.28959837532659,0.117091548110776
"Growing season",13,"Storm_Agricultural","Storm","Agricultural",8.02001256371977,12.0200125637198,0.00245407276422424
"Growing season",13,"Storm_Site","Storm","Site",-4.82926972204257,3.17073027795743,0.529671440631992
"Growing season",13,"Agricultural_Full","Agricultural","Full",-5.14546681119009,2.85453318880991,0.582456468542959
"Growing season",13,"Site_Full","Site","Full",7.70381547457225,11.7038154745723,0.0028744103043942
"Growing season",14,"Storm_Agricultural","Storm","Agricultural",1.63903367946011,5.63903367946011,0.0596347488907498
"Growing season",14,"Storm_Site","Storm","Site",-7.52757010452979,0.472429895470214,0.976128835314288
"Growing season",14,"Agricultural_Full","Agricultural","Full",-7.24439315794064,0.755606842059365,0.944298539001581
"Growing season",14,"Site_Full","Site","Full",1.92221062604926,5.92221062604926,0.0517616726910162
"Growing season",15,"Storm_Agricultural","Storm","Agricultural",-0.87223976233247,3.12776023766753,0.209322298062453
"Growing season",15,"Storm_Site","Storm","Site",-6.55771072806931,1.44228927193069,0.836812640143751
"Growing season",15,"Agricultural_Full","Agricultural","Full",-7.08209990798002,0.917900092019977,0.921978830991513
"Growing season",15,"Site_Full","Site","Full",-1.39662894224318,2.60337105775682,0.272072819741601
"Growing season",16,"Storm_Agricultural","Storm","Agricultural",15.9060100709864,19.9060100709864,4.75844259830732e-05
"Growing season",16,"Storm_Site","Storm","Site",-2.70204331158425,5.29795668841575,0.258068268753594
"Growing season",16,"Agricultural_Full","Agricultural","Full",-2.58209025608119,5.41790974391881,0.247040067058486
"Growing season",16,"Site_Full","Site","Full",16.0259631264895,20.0259631264895,4.48143766236612e-05
"Growing season",17,"Storm_Agricultural","Storm","Agricultural",2.42157977679881,6.42157977679881,0.0403247486377776
"Growing season",17,"Storm_Site","Storm","Site",-6.14393167388005,1.85606832611995,0.762209941396152
"Growing season",17,"Agricultural_Full","Agricultural","Full",-5.98419793478672,2.01580206521328,0.732852285005363
"Growing season",17,"Site_Full","Site","Full",2.58131351589213,6.58131351589213,0.0372293906672147
"Growing season",18,"Storm_Agricultural","Storm","Agricultural",0.140650620842507,4.14065062084251,0.126144738831435
"Growing season",18,"Storm_Site","Storm","Site",-6.11181324118002,1.88818675881998,0.756314760299565
"Growing season",18,"Agricultural_Full","Agricultural","Full",-5.88723855389424,2.11276144610576,0.715028257549446
"Growing season",18,"Site_Full","Site","Full",0.365225308128288,4.36522530812829,0.112746577698784
"Growing season",19,"Storm_Agricultural","Storm","Agricultural",6.26211122759264,10.2621112275926,0.00591031816613172
"Growing season",19,"Storm_Site","Storm","Site",-5.41601267360068,2.58398732639932,0.629662303753343
"Growing season",19,"Agricultural_Full","Agricultural","Full",-5.28812750193003,2.71187249806997,0.607138682153799
"Growing season",19,"Site_Full","Site","Full",6.38999639926328,10.3899963992633,0.00554422629663268
"Growing season",20,"Storm_Agricultural","Storm","Agricultural",0.987837486366516,4.98783748636652,0.082585699483528
"Growing season",20,"Storm_Site","Storm","Site",-5.29494272313252,2.70505727686748,0.608329944451672
"Growing season",20,"Agricultural_Full","Agricultural","Full",-5.65603782416269,2.34396217583731,0.672776975306765
"Growing season",20,"Site_Full","Site","Full",0.626742385336343,4.62674238533634,0.0989271861719332
"Growing season",21,"Storm_Agricultural","Storm","Agricultural",-2.9899571527651,1.0100428472349,0.603492646292959
"Growing season",21,"Storm_Site","Storm","Site",-3.14441411867267,4.85558588132733,0.3024387975512
"Growing season",21,"Agricultural_Full","Agricultural","Full",-3.36312354729307,4.63687645270693,0.326624538573294
"Growing season",21,"Site_Full","Site","Full",-3.2086665813855,0.791333418614499,0.67323104018915
"Growing season",22,"Storm_Agricultural","Storm","Agricultural",7.57528138276575,11.5752813827658,0.00306520541770027
"Growing season",22,"Storm_Site","Storm","Site",-4.98862280363323,3.01137719636677,0.555923262175194
"Growing season",22,"Agricultural_Full","Agricultural","Full",-6.30958867800894,1.69041132199106,0.792458674492586
"Growing season",22,"Site_Full","Site","Full",6.25431550839005,10.2543155083901,0.00593340071358187
"Growing season",23,"Storm_Agricultural","Storm","Agricultural",1.80073058303844,5.80073058303844,0.0550031242114047
"Growing season",23,"Storm_Site","Storm","Site",-6.61268808998,1.38731191002,0.846397242649189
"Growing season",23,"Agricultural_Full","Agricultural","Full",-6.6893415718049,1.3106584281951,0.859564593863631
"Growing season",23,"Site_Full","Site","Full",1.72407710121354,5.72407710121354,0.0571521339142274
"Growing season",24,"Storm_Agricultural","Storm","Agricultural",-0.579929668135264,3.42007033186474,0.180859432414723
"Growing season",24,"Storm_Site","Storm","Site",-2.63717406872809,5.36282593127191,0.252052890868413
"Growing season",24,"Agricultural_Full","Agricultural","Full",-3.37213219150556,4.62786780849444,0.327653729874649
"Growing season",24,"Site_Full","Site","Full",-1.31488779091273,2.68511220908727,0.261177218355419
"Growing season",25,"Storm_Agricultural","Storm","Agricultural",-0.772805803337405,3.22719419666259,0.199169890307484
"Growing season",25,"Storm_Site","Storm","Site",-7.06648818357633,0.933511816423675,0.91970454128265
"Growing season",25,"Agricultural_Full","Agricultural","Full",-7.19077564826921,0.809224351730791,0.937207150631413
"Growing season",25,"Site_Full","Site","Full",-0.897093268030289,3.10290673196971,0.21193972389547
"Growing season",26,"Storm_Agricultural","Storm","Agricultural",-2.03161472888087,1.96838527111913,0.37374085023273
"Growing season",26,"Storm_Site","Storm","Site",-7.46448738655579,0.535512613444212,0.969953005782675
"Growing season",26,"Agricultural_Full","Agricultural","Full",-7.26185991695172,0.738140083048279,0.946543515723705
"Growing season",26,"Site_Full","Site","Full",-1.8289872592768,2.1710127407232,0.337730725758751
"Growing season",27,"Storm_Agricultural","Storm","Agricultural",0.119467486779058,4.11946748677906,0.127487909875008
"Growing season",27,"Storm_Site","Storm","Site",-6.95116676654607,1.04883323345393,0.902303062155143
"Growing season",27,"Agricultural_Full","Agricultural","Full",-6.89997824705722,1.10002175294278,0.89426875472644
"Growing season",27,"Site_Full","Site","Full",0.170656006267905,4.1706560062679,0.124266353726918
"Growing season",28,"Storm_Agricultural","Storm","Agricultural",1.77167610892718,5.77167610892718,0.0558079997897172
"Growing season",28,"Storm_Site","Storm","Site",-2.95286524165692,5.04713475834308,0.28249527822772
"Growing season",28,"Agricultural_Full","Agricultural","Full",-3.50863455088188,4.49136544911812,0.343572542342963
"Growing season",28,"Site_Full","Site","Full",1.21590679970222,5.21590679970222,0.0736851936787569
"Growing season",29,"Storm_Agricultural","Storm","Agricultural",5.01609774234646,9.01609774234646,0.0110199405371676
"Growing season",29,"Storm_Site","Storm","Site",-3.05051600721436,4.94948399278564,0.292520138304841
"Growing season",29,"Agricultural_Full","Agricultural","Full",-4.69760967922116,3.30239032077884,0.508553621788053
"Growing season",29,"Site_Full","Site","Full",3.36900407033966,7.36900407033966,0.0251096753459399
"Growing season",30,"Storm_Agricultural","Storm","Agricultural",3.573985836416,7.573985836416,0.0226636509373337
"Growing season",30,"Storm_Site","Storm","Site",-6.09370442254931,1.90629557745069,0.752988391961077
"Growing season",30,"Agricultural_Full","Agricultural","Full",-6.34287006218347,1.65712993781653,0.798489485145374
"Growing season",30,"Site_Full","Site","Full",3.32482019678184,7.32482019678184,0.0256705695134461
"Growing season",31,"Storm_Agricultural","Storm","Agricultural",3.52232856999763,7.52232856999763,0.0232566472403878
"Growing season",31,"Storm_Site","Storm","Site",-4.12225681357677,3.87774318642323,0.422804281978418
"Growing season",31,"Agricultural_Full","Agricultural","Full",-3.70394776124363,4.29605223875637,0.367419698487191
"Growing season",31,"Site_Full","Site","Full",3.94063762233077,7.94063762233077,0.0188674170329901
"Growing season",32,"Storm_Agricultural","Storm","Agricultural",6.25983739156516,10.2598373915652,0.00591704153455687
"Growing season",32,"Storm_Site","Storm","Site",-2.65784025019752,5.34215974980248,0.253956061722015
"Growing season",32,"Agricultural_Full","Agricultural","Full",-3.48208423666586,4.51791576333414,0.340428416651122
"Growing season",32,"Site_Full","Site","Full",5.43559340509682,9.43559340509682,0.00893484299397202
"Growing season",33,"Storm_Agricultural","Storm","Agricultural",-1.28239230515078,2.71760769484922,0.256967966088821
"Growing season",33,"Storm_Site","Storm","Site",-6.43920665345809,1.56079334654191,0.815820859013504
"Growing season",33,"Agricultural_Full","Agricultural","Full",-6.54185836871625,1.45814163128375,0.834029377680234
"Growing season",33,"Site_Full","Site","Full",-1.38504402040894,2.61495597959106,0.270501404142114
"Growing season",34,"Storm_Agricultural","Storm","Agricultural",-0.395860439359922,3.60413956064008,0.164957109661105
"Growing season",34,"Storm_Site","Storm","Site",-6.18839590700293,1.81160409299707,0.770358641229029
"Growing season",34,"Agricultural_Full","Agricultural","Full",-6.38073941443724,1.61926058556276,0.805326312545675
"Growing season",34,"Site_Full","Site","Full",-0.588203946794238,3.41179605320576,0.18160922301031
"Growing season",35,"Storm_Agricultural","Storm","Agricultural",2.0976567672501,6.0976567672501,0.0474144433995965
"Growing season",35,"Storm_Site","Storm","Site",-7.62866987411144,0.371330125888562,0.984756170357327
"Growing season",35,"Agricultural_Full","Agricultural","Full",-7.55410358175664,0.445896418243365,0.978549700672558
"Growing season",35,"Site_Full","Site","Full",2.1722230596049,6.1722230596049,0.0456792318439013
"Growing season",36,"Storm_Agricultural","Storm","Agricultural",1.44662223733167,5.44662223733167,0.0656569960083455
"Growing season",36,"Storm_Site","Storm","Site",-5.56799065525831,2.43200934474169,0.656850526826221
"Growing season",36,"Agricultural_Full","Agricultural","Full",-5.54791861413469,2.45208138586531,0.653236422390452
"Growing season",36,"Site_Full","Site","Full",1.46669427845529,5.46669427845529,0.065001356554981
"Growing season",37,"Storm_Agricultural","Storm","Agricultural",0.0206900284629228,4.02069002846292,0.133942454642931
"Growing season",37,"Storm_Site","Storm","Site",-1.62244303241948,6.37755696758052,0.172670638341984
"Growing season",37,"Agricultural_Full","Agricultural","Full",-2.83440352103764,5.16559647896236,0.270724355736067
"Growing season",37,"Site_Full","Site","Full",-1.19127046015524,2.80872953984476,0.245522970502646
"Growing season",38,"Storm_Agricultural","Storm","Agricultural",-1.68644526725996,2.31355473274004,0.314498061576298
"Growing season",38,"Storm_Site","Storm","Site",-7.13725374527075,0.862746254729245,0.929843566645551
"Growing season",38,"Agricultural_Full","Agricultural","Full",-7.14091490934743,0.85908509065257,0.930355925364422
"Growing season",38,"Site_Full","Site","Full",-1.69010643133663,2.30989356866337,0.315074303346912
"Growing season",39,"Storm_Agricultural","Storm","Agricultural",-2.16325872600646,1.83674127399354,0.399168902552484
"Growing season",39,"Storm_Site","Storm","Site",-7.06604652098974,0.933953479010256,0.919639902124272
"Growing season",39,"Agricultural_Full","Agricultural","Full",-6.89288349825756,1.10711650174244,0.893141456080124
"Growing season",39,"Site_Full","Site","Full",-1.99009570327428,2.00990429672572,0.366062151058144
"Growing season",40,"Storm_Agricultural","Storm","Agricultural",2.31566921425394,6.31566921425394,0.0425177090152994
"Growing season",40,"Storm_Site","Storm","Site",-6.38623615024403,1.61376384975597,0.806316238005909
"Growing season",40,"Agricultural_Full","Agricultural","Full",-6.54891327027883,1.45108672972117,0.835269067212632
"Growing season",40,"Site_Full","Site","Full",2.15299209421914,6.15299209421914,0.0461205781856993
"Growing season",41,"Storm_Agricultural","Storm","Agricultural",3.20349303741887,7.20349303741887,0.027276042703729
"Growing season",41,"Storm_Site","Storm","Site",-6.07392777337429,1.92607222662571,0.749353981834914
"Growing season",41,"Agricultural_Full","Agricultural","Full",-6.83886719814041,1.16113280185959,0.884455447842856
"Growing season",41,"Site_Full","Site","Full",2.43855361265275,6.43855361265275,0.0399839639569658
"Growing season",42,"Storm_Agricultural","Storm","Agricultural",2.34512463955082,6.34512463955082,0.0418961090231507
"Growing season",42,"Storm_Site","Storm","Site",-6.81949294835624,1.18050705164376,0.881297459020459
"Growing season",42,"Agricultural_Full","Agricultural","Full",-7.10176480139467,0.898235198605335,0.924813872793704
"Growing season",42,"Site_Full","Site","Full",2.06285278651239,6.06285278651239,0.0482467701537581
"Growing season",43,"Storm_Agricultural","Storm","Agricultural",-2.0385622842316,1.9614377157684,0.375041400457985
"Growing season",43,"Storm_Site","Storm","Site",-4.03906156503649,3.96093843496351,0.411318068771857
"Growing season",43,"Agricultural_Full","Agricultural","Full",-4.35026960750338,3.64973039249662,0.455479508131553
"Growing season",43,"Site_Full","Site","Full",-2.34977032669849,1.65022967330151,0.438184669915663
"Growing season",44,"Storm_Agricultural","Storm","Agricultural",0.142889567901193,4.14288956790119,0.126003602149577
"Growing season",44,"Storm_Site","Storm","Site",-3.411377348418,4.588622651582,0.33216807588221
"Growing season",44,"Agricultural_Full","Agricultural","Full",-3.84880596752396,4.15119403247604,0.385930498201427
"Growing season",44,"Site_Full","Site","Full",-0.294539051204765,3.70546094879523,0.156808419863633
"Growing season",45,"Storm_Agricultural","Storm","Agricultural",7.8126808818979,11.8126808818979,0.0027221304789414
"Growing season",45,"Storm_Site","Storm","Site",-6.00736129679524,1.99263870320476,0.737112914155693
"Growing season",45,"Agricultural_Full","Agricultural","Full",-6.39668494100408,1.60331505899592,0.808196191561258
"Growing season",45,"Site_Full","Site","Full",7.42335723768906,11.4233572376891,0.00330711649489002
"Growing season",46,"Storm_Agricultural","Storm","Agricultural",0.520198946631353,4.52019894663135,0.104340105182308
"Growing season",46,"Storm_Site","Storm","Site",-3.20522464953024,4.79477535046976,0.309010238062961
"Growing season",46,"Agricultural_Full","Agricultural","Full",-2.65568818500094,5.34431181499906,0.253757300861198
"Growing season",46,"Site_Full","Site","Full",1.06973541116065,5.06973541116065,0.0792722058415266
"Growing season",47,"Storm_Agricultural","Storm","Agricultural",1.53728122160555,5.53728122160555,0.062747244718501
"Growing season",47,"Storm_Site","Storm","Site",-3.67691739020836,4.32308260979164,0.364043598835751
"Growing season",47,"Agricultural_Full","Agricultural","Full",-4.2393245575081,3.7606754424919,0.439362630346803
"Growing season",47,"Site_Full","Site","Full",0.974874054305815,4.97487405430581,0.0831227351117792
"Growing season",48,"Storm_Agricultural","Storm","Agricultural",5.99022171280046,9.99022171280046,0.0067709704519513
"Growing season",48,"Storm_Site","Storm","Site",-5.38768513697482,2.61231486302518,0.624643156681496
"Growing season",48,"Agricultural_Full","Agricultural","Full",-5.84093103454006,2.15906896545994,0.706529430868494
"Growing season",48,"Site_Full","Site","Full",5.53697581523522,9.53697581523522,0.00849321297795095
"Growing season",49,"Storm_Agricultural","Storm","Agricultural",-1.34908279830404,2.65091720169596,0.26568108957336
"Growing season",49,"Storm_Site","Storm","Site",-3.69682177075936,4.30317822924064,0.366527286756316
"Growing season",49,"Agricultural_Full","Agricultural","Full",-4.01409564076414,3.98590435923586,0.407916848402778
"Growing season",49,"Site_Full","Site","Full",-1.66635666830882,2.33364333169118,0.311354960411075
"Growing season",50,"Storm_Agricultural","Storm","Agricultural",-0.0370522679673968,3.9629477320326,0.137865891643069
"Growing season",50,"Storm_Site","Storm","Site",-6.17362817656942,1.82637182343058,0.767654096368407
"Growing season",50,"Agricultural_Full","Agricultural","Full",-6.5511573413728,1.4488426586272,0.83566305084049
"Growing season",50,"Site_Full","Site","Full",-0.414581432770774,3.58541856722923,0.166508439424058
"Post-growing season",1,"Storm_Agricultural","Storm","Agricultural",24.2281590774053,30.2281590774053,1.23565845714367e-06
"Post-growing season",1,"Storm_Site","Storm","Site",5.89197667423196,13.891976674232,0.00764792318188877
"Post-growing season",1,"Agricultural_Full","Agricultural","Full",1.6731321326032,9.6731321326032,0.0463087919611126
"Post-growing season",1,"Site_Full","Site","Full",20.0093145357765,26.0093145357765,9.49467450844947e-06
"Post-growing season",2,"Storm_Agricultural","Storm","Agricultural",23.2632186244815,29.2632186244815,1.97160355462738e-06
"Post-growing season",2,"Storm_Site","Storm","Site",3.54345164701579,11.5434516470158,0.0210897139720242
"Post-growing season",2,"Agricultural_Full","Agricultural","Full",1.93623024817396,9.93623024817396,0.0415156850083665
"Post-growing season",2,"Site_Full","Site","Full",21.6559972256397,27.6559972256397,4.28884079388016e-06
"Post-growing season",3,"Storm_Agricultural","Storm","Agricultural",26.5242442942482,32.5242442942482,4.05769247583279e-07
"Post-growing season",3,"Storm_Site","Storm","Site",3.75999002138997,11.75999002139,0.0192282046833561
"Post-growing season",3,"Agricultural_Full","Agricultural","Full",1.86687664980195,9.86687664980195,0.0427308361533772
"Post-growing season",3,"Site_Full","Site","Full",24.6311309226602,30.6311309226602,1.01647635839002e-06
"Post-growing season",4,"Storm_Agricultural","Storm","Agricultural",36.8240036082111,42.8240036082111,2.68211477653055e-09
"Post-growing season",4,"Storm_Site","Storm","Site",-1.33380127242037,6.66619872757963,0.154615128876325
"Post-growing season",4,"Agricultural_Full","Agricultural","Full",-3.32297449143641,4.67702550856359,0.322069689572696
"Post-growing season",4,"Site_Full","Site","Full",34.8348303891951,40.8348303891951,7.08850038681724e-09
"Post-growing season",5,"Storm_Agricultural","Storm","Agricultural",49.9343893091736,55.9343893091736,4.33857693499094e-12
"Post-growing season",5,"Storm_Site","Storm","Site",3.60516854161858,11.6051685416186,0.0205420414381725
"Post-growing season",5,"Agricultural_Full","Agricultural","Full",2.93825668361956,10.9382566836196,0.0272667582449155
"Post-growing season",5,"Site_Full","Site","Full",49.2674774511746,55.2674774511746,6.02073811699339e-12
"Post-growing season",6,"Storm_Agricultural","Storm","Agricultural",24.4875782493134,30.4875782493134,1.08970836373324e-06
"Post-growing season",6,"Storm_Site","Storm","Site",6.30989780116681,14.3098978011668,0.00636892915826153
"Post-growing season",6,"Agricultural_Full","Agricultural","Full",1.77393403826682,9.77393403826682,0.0444128653480778
"Post-growing season",6,"Site_Full","Site","Full",19.9516144864134,25.9516144864134,9.76249105074421e-06
"Post-growing season",7,"Storm_Agricultural","Storm","Agricultural",24.7014801874146,30.7014801874146,9.82402789740762e-07
"Post-growing season",7,"Storm_Site","Storm","Site",0.962736460483484,8.96273646048348,0.0620376708933265
"Post-growing season",7,"Agricultural_Full","Agricultural","Full",-0.825549722361757,7.17445027763824,0.126951539703908
"Post-growing season",7,"Site_Full","Site","Full",22.9131940045694,28.9131940045694,2.33548402856418e-06
"Post-growing season",8,"Storm_Agricultural","Storm","Agricultural",15.7610117090032,21.7610117090032,7.31426085506182e-05
"Post-growing season",8,"Storm_Site","Storm","Site",2.51219346195842,10.5121934619584,0.0326294421177237
"Post-growing season",8,"Agricultural_Full","Agricultural","Full",2.27338937489833,10.2733893748983,0.0360658655079222
"Post-growing season",8,"Site_Full","Site","Full",15.5222076219432,21.5222076219432,8.20022131548791e-05
"Post-growing season",9,"Storm_Agricultural","Storm","Agricultural",37.879005199382,43.879005199382,1.60119041992584e-09
"Post-growing season",9,"Storm_Site","Storm","Site",11.494933178285,19.494933178285,0.000628109195473421
"Post-growing season",9,"Agricultural_Full","Agricultural","Full",7.29517903418343,15.2951790341834,0.00412656926555094
"Post-growing season",9,"Site_Full","Site","Full",33.6792510552805,39.6792510552805,1.24606416326938e-08
"Post-growing season",10,"Storm_Agricultural","Storm","Agricultural",13.7480214124107,19.7480214124107,0.000191423841625333
"Post-growing season",10,"Storm_Site","Storm","Site",10.6968230899906,18.6968230899906,0.000901384619301418
"Post-growing season",10,"Agricultural_Full","Agricultural","Full",6.54668160623567,14.5466816062357,0.00573996360573499
"Post-growing season",10,"Site_Full","Site","Full",9.59787992865574,15.5978799286557,0.00137085935756712
"Post-growing season",11,"Storm_Agricultural","Storm","Agricultural",14.4594729468225,20.4594729468225,0.000136308182838856
"Post-growing season",11,"Storm_Site","Storm","Site",0.0159890845126256,8.01598908451263,0.0909942466341852
"Post-growing season",11,"Agricultural_Full","Agricultural","Full",0.00730941873803204,8.00730941873803,0.0913108077578441
"Post-growing season",11,"Site_Full","Site","Full",14.4507932810479,20.4507932810479,0.000136874472732205
"Post-growing season",12,"Storm_Agricultural","Storm","Agricultural",26.3801358298119,32.3801358298119,4.35173225852569e-07
"Post-growing season",12,"Storm_Site","Storm","Site",10.052800840716,18.052800840716,0.00120511682790879
"Post-growing season",12,"Agricultural_Full","Agricultural","Full",3.6065639153984,11.6065639153984,0.0205298198877875
"Post-growing season",12,"Site_Full","Site","Full",19.9338989044943,25.9338989044943,9.84622022705055e-06
"Post-growing season",13,"Storm_Agricultural","Storm","Agricultural",30.3455395135944,36.3455395135944,6.32882219825229e-08
"Post-growing season",13,"Storm_Site","Storm","Site",7.38631422836636,15.3863142283664,0.0039635272256961
"Post-growing season",13,"Agricultural_Full","Agricultural","Full",2.88683121888164,10.8868312188816,0.0278657529830577
"Post-growing season",13,"Site_Full","Site","Full",25.8460565041097,31.8460565041097,5.63937324808962e-07
"Post-growing season",14,"Storm_Agricultural","Storm","Agricultural",21.8357609355409,27.8357609355409,3.93205652606567e-06
"Post-growing season",14,"Storm_Site","Storm","Site",0.254376173992114,8.25437617399211,0.0826921411997715
"Post-growing season",14,"Agricultural_Full","Agricultural","Full",-0.281553507338799,7.7184464926612,0.102453663395514
"Post-growing season",14,"Site_Full","Site","Full",21.2998312542099,27.2998312542099,5.09390834175261e-06
"Post-growing season",15,"Storm_Agricultural","Storm","Agricultural",25.5126436066889,31.5126436066889,6.62944729232827e-07
"Post-growing season",15,"Storm_Site","Storm","Site",6.81692585922758,14.8169258592276,0.00509638283297959
"Post-growing season",15,"Agricultural_Full","Agricultural","Full",3.38617917167392,11.3861791716739,0.0225501401764265
"Post-growing season",15,"Site_Full","Site","Full",22.0818969191353,28.0818969191353,3.49107927399057e-06
"Post-growing season",16,"Storm_Agricultural","Storm","Agricultural",31.9348132455403,37.9348132455403,2.91773383710328e-08
"Post-growing season",16,"Storm_Site","Storm","Site",7.84966426971823,15.8496642697182,0.00322767047929017
"Post-growing season",16,"Agricultural_Full","Agricultural","Full",5.74783054585134,13.7478305458513,0.00814492829260024
"Post-growing season",16,"Site_Full","Site","Full",29.8329795216735,35.8329795216735,8.12265420889731e-08
"Post-growing season",17,"Storm_Agricultural","Storm","Agricultural",21.2108634419159,27.2108634419159,5.31751178742782e-06
"Post-growing season",17,"Storm_Site","Storm","Site",7.71180472455785,15.7118047245579,0.00343129275616957
"Post-growing season",17,"Agricultural_Full","Agricultural","Full",4.67821339235672,12.6782133923567,0.0129599743856437
"Post-growing season",17,"Site_Full","Site","Full",18.1772721097147,24.1772721097147,2.29391523971832e-05
"Post-growing season",18,"Storm_Agricultural","Storm","Agricultural",26.3460122572977,32.3460122572977,4.42441681451138e-07
"Post-growing season",18,"Storm_Site","Storm","Site",5.07424370165745,13.0742437016575,0.0109186661989557
"Post-growing season",18,"Agricultural_Full","Agricultural","Full",-0.328009840371806,7.67199015962819,0.104360068276861
"Post-growing season",18,"Site_Full","Site","Full",20.9437587152685,26.9437587152685,6.04937420991393e-06
"Post-growing season",19,"Storm_Agricultural","Storm","Agricultural",34.8542337890154,40.8542337890154,7.02165383206313e-09
"Post-growing season",19,"Storm_Site","Storm","Site",4.63964751139031,12.6396475113903,0.013177591506621
"Post-growing season",19,"Agricultural_Full","Agricultural","Full",2.70844218591628,10.7084421859163,0.0300437158846157
"Post-growing season",19,"Site_Full","Site","Full",32.9230284635414,38.9230284635414,1.80206979967403e-08
"Post-growing season",20,"Storm_Agricultural","Storm","Agricultural",6.64789126028415,12.6478912602842,0.00546337250919829
"Post-growing season",20,"Storm_Site","Storm","Site",11.0684489390226,19.0684489390226,0.000761976349905155
"Post-growing season",20,"Agricultural_Full","Agricultural","Full",9.14056316700328,17.1405631670033,0.00181509230663888
"Post-growing season",20,"Site_Full","Site","Full",4.72000548826486,10.7200054882649,0.013340387337383
"Post-growing season",21,"Storm_Agricultural","Storm","Agricultural",19.0922157235087,25.0922157235087,1.47699542853143e-05
"Post-growing season",21,"Storm_Site","Storm","Site",8.84521016207407,16.8452101620741,0.00207147682759839
"Post-growing season",21,"Agricultural_Full","Agricultural","Full",5.38213786411563,13.3821378641156,0.00955195765607785
"Post-growing season",21,"Site_Full","Site","Full",15.6291434255503,21.6291434255503,7.79099475154512e-05
"Post-growing season",22,"Storm_Agricultural","Storm","Agricultural",35.4886187980472,41.4886187980472,5.15084667715302e-09
"Post-growing season",22,"Storm_Site","Storm","Site",2.95830941156521,10.9583094115652,0.0270365763373732
"Post-growing season",22,"Agricultural_Full","Agricultural","Full",1.33735420527364,9.33735420527364,0.0531986995569791
"Post-growing season",22,"Site_Full","Site","Full",33.8676635917557,39.8676635917557,1.13659988436371e-08
"Post-growing season",23,"Storm_Agricultural","Storm","Agricultural",39.1080347968784,45.1080347968784,8.77623234230451e-10
"Post-growing season",23,"Storm_Site","Storm","Site",14.2244693314343,22.2244693314343,0.000180818174105441
"Post-growing season",23,"Agricultural_Full","Agricultural","Full",9.71431233420435,17.7143123342044,0.00140325819902644
"Post-growing season",23,"Site_Full","Site","Full",34.5978777996485,40.5978777996485,7.95796789594439e-09
"Post-growing season",24,"Storm_Agricultural","Storm","Agricultural",11.7512329380791,17.7512329380791,0.000494986305018042
"Post-growing season",24,"Storm_Site","Storm","Site",7.91393718348763,15.9139371834876,0.00313684817587585
"Post-growing season",24,"Agricultural_Full","Agricultural","Full",5.22516526240872,13.2251652624087,0.010226425806936
"Post-growing season",24,"Site_Full","Site","Full",9.06246101700015,15.0624610170001,0.00176404222844276
"Post-growing season",25,"Storm_Agricultural","Storm","Agricultural",32.0976930784778,38.0976930784778,2.69501796615385e-08
"Post-growing season",25,"Storm_Site","Storm","Site",8.61853249676051,16.6185324967605,0.00229217077561346
"Post-growing season",25,"Agricultural_Full","Agricultural","Full",5.25726813591211,13.2572681359121,0.0100848068504233
"Post-growing season",25,"Site_Full","Site","Full",28.7364287176295,34.7364287176295,1.38489090858866e-07
"Post-growing season",26,"Storm_Agricultural","Storm","Agricultural",30.5551137962719,36.5551137962719,5.71477955949223e-08
"Post-growing season",26,"Storm_Site","Storm","Site",4.37457937095758,12.3745793709576,0.0147726830886962
"Post-growing season",26,"Agricultural_Full","Agricultural","Full",4.08077795322936,12.0807779532294,0.0167605803806443
"Post-growing season",26,"Site_Full","Site","Full",30.2613123785437,36.2613123785437,6.5937804316222e-08
"Post-growing season",27,"Storm_Agricultural","Storm","Agricultural",24.6547633558762,30.6547633558762,1.00490046004982e-06
"Post-growing season",27,"Storm_Site","Storm","Site",8.64633547882693,16.6463354788269,0.0022639022796737
"Post-growing season",27,"Agricultural_Full","Agricultural","Full",4.85796327046648,12.8579632704665,0.0119910727074174
"Post-growing season",27,"Site_Full","Site","Full",20.8663911475157,26.8663911475157,6.27954401609771e-06
"Post-growing season",28,"Storm_Agricultural","Storm","Agricultural",14.1197546048924,20.1197546048924,0.000160313174470929
"Post-growing season",28,"Storm_Site","Storm","Site",13.0969859795348,21.0969859795348,0.000302951437254071
"Post-growing season",28,"Agricultural_Full","Agricultural","Full",13.2795960623489,21.2795960623489,0.00027870186260877
"Post-growing season",28,"Site_Full","Site","Full",14.3023646877065,20.3023646877065,0.000146929077576488
"Post-growing season",29,"Storm_Agricultural","Storm","Agricultural",32.6075036293195,38.6075036293195,2.10186259471533e-08
"Post-growing season",29,"Storm_Site","Storm","Site",3.0408220310461,11.0408220310461,0.026109041621067
"Post-growing season",29,"Agricultural_Full","Agricultural","Full",0.540372143383479,8.54037214338348,0.073672889117569
"Post-growing season",29,"Site_Full","Site","Full",30.1070537416568,36.1070537416568,7.10809051136509e-08
"Post-growing season",30,"Storm_Agricultural","Storm","Agricultural",25.1447629369375,31.1447629369375,7.92429636789654e-07
"Post-growing season",30,"Storm_Site","Storm","Site",5.68912454013366,13.6891245401337,0.0083562820409392
"Post-growing season",30,"Agricultural_Full","Agricultural","Full",4.34217590105061,12.3421759010506,0.0149801307751231
"Post-growing season",30,"Site_Full","Site","Full",23.7978142978544,29.7978142978544,1.5220266154592e-06
"Post-growing season",31,"Storm_Agricultural","Storm","Agricultural",52.319982325572,58.319982325572,1.34304182663704e-12
"Post-growing season",31,"Storm_Site","Storm","Site",7.36339372831105,15.3633937283111,0.00400392614370648
"Post-growing season",31,"Agricultural_Full","Agricultural","Full",4.10096819183389,12.1009681918339,0.0166160228810065
"Post-growing season",31,"Site_Full","Site","Full",49.0575567890949,55.0575567890949,6.67475797827468e-12
"Post-growing season",32,"Storm_Agricultural","Storm","Agricultural",30.0557032357575,36.0557032357575,7.2880338703098e-08
"Post-growing season",32,"Storm_Site","Storm","Site",4.94306722953809,12.9430672295381,0.0115573540133743
"Post-growing season",32,"Agricultural_Full","Agricultural","Full",-0.361352266158292,7.63864773384171,0.105748650192909
"Post-growing season",32,"Site_Full","Site","Full",24.7512837400611,30.7512837400611,9.5897196839299e-07
"Post-growing season",33,"Storm_Agricultural","Storm","Agricultural",19.0324044320309,25.0324044320309,1.5201480492788e-05
"Post-growing season",33,"Storm_Site","Storm","Site",7.98084810444925,15.9808481044493,0.00304497059241795
"Post-growing season",33,"Agricultural_Full","Agricultural","Full",5.74927048607105,13.7492704860711,0.0081398105129887
"Post-growing season",33,"Site_Full","Site","Full",16.8008268136527,22.8008268136527,4.44331068809099e-05
"Post-growing season",34,"Storm_Agricultural","Storm","Agricultural",28.058041121398,34.058041121398,1.92607175332862e-07
"Post-growing season",34,"Storm_Site","Storm","Site",12.9491301522223,20.9491301522223,0.00032410849965663
"Post-growing season",34,"Agricultural_Full","Agricultural","Full",9.33101664029482,17.3310166402948,0.00166664173394778
"Post-growing season",34,"Site_Full","Site","Full",24.4399276094705,30.4399276094705,1.11516260718096e-06
"Post-growing season",35,"Storm_Agricultural","Storm","Agricultural",39.8676467438755,45.8676467438755,6.05113625229493e-10
"Post-growing season",35,"Storm_Site","Storm","Site",6.07070734568219,14.0707073456822,0.00707277298043613
"Post-growing season",35,"Agricultural_Full","Agricultural","Full",0.262338506082983,8.26233850608298,0.082427538297519
"Post-growing season",35,"Site_Full","Site","Full",34.0592779042763,40.0592779042763,1.03512235843072e-08
"Post-growing season",36,"Storm_Agricultural","Storm","Agricultural",27.491997384695,33.491997384695,2.5359836853961e-07
"Post-growing season",36,"Storm_Site","Storm","Site",-0.0413173876411292,7.95868261235887,0.0931034822818749
"Post-growing season",36,"Agricultural_Full","Agricultural","Full",-0.549413039084811,7.45058696091519,0.113908041550325
"Post-growing season",36,"Site_Full","Site","Full",26.9839017332513,32.9839017332513,3.24595306377651e-07
"Post-growing season",37,"Storm_Agricultural","Storm","Agricultural",19.602055519525,25.602055519525,1.15538624897795e-05
"Post-growing season",37,"Storm_Site","Storm","Site",7.85303640015172,15.8530364001517,0.00322284174080181
"Post-growing season",37,"Agricultural_Full","Agricultural","Full",5.98329837739857,13.9832983773986,0.00734855162040428
"Post-growing season",37,"Site_Full","Site","Full",17.7323174967719,23.7323174967719,2.84096069325028e-05
"Post-growing season",38,"Storm_Agricultural","Storm","Agricultural",20.4611918303827,26.4611918303827,7.63553484393398e-06
"Post-growing season",38,"Storm_Site","Storm","Site",7.43925224576356,15.4392522457636,0.00387174580330248
"Post-growing season",38,"Agricultural_Full","Agricultural","Full",4.94226301751746,12.9422630175175,0.0115613799808611
"Post-growing season",38,"Site_Full","Site","Full",17.9642026021367,23.9642026021367,2.54135518082933e-05
"Post-growing season",39,"Storm_Agricultural","Storm","Agricultural",33.1924942723016,39.1924942723016,1.58010009923489e-08
"Post-growing season",39,"Storm_Site","Storm","Site",0.396351161095481,8.39635116109548,0.0780919838930841
"Post-growing season",39,"Agricultural_Full","Agricultural","Full",-2.49721913319172,5.50278086680828,0.239485147204108
"Post-growing season",39,"Site_Full","Site","Full",30.2989239780144,36.2989239780144,6.47412161786178e-08
"Post-growing season",40,"Storm_Agricultural","Storm","Agricultural",19.6804155580295,25.6804155580295,1.11257319606397e-05
"Post-growing season",40,"Storm_Site","Storm","Site",9.98576344710534,17.9857634471053,0.0012420292914224
"Post-growing season",40,"Agricultural_Full","Agricultural","Full",10.3477460473619,18.3477460473619,0.00105517351347362
"Post-growing season",40,"Site_Full","Site","Full",20.042398158286,26.042398158286,9.34443391121969e-06
"Post-growing season",41,"Storm_Agricultural","Storm","Agricultural",40.0769955036329,46.0769955036329,5.46167465801991e-10
"Post-growing season",41,"Storm_Site","Storm","Site",12.2272504890127,20.2272504890127,0.00045036446110126
"Post-growing season",41,"Agricultural_Full","Agricultural","Full",5.26769376987829,13.2676937698783,0.0100392287258167
"Post-growing season",41,"Site_Full","Site","Full",33.1174387844985,39.1174387844985,1.63902748315316e-08
"Post-growing season",42,"Storm_Agricultural","Storm","Agricultural",36.3369004336839,42.3369004336839,3.40310665888736e-09
"Post-growing season",42,"Storm_Site","Storm","Site",6.49847905825447,14.4984790582545,0.00586285547697343
"Post-growing season",42,"Agricultural_Full","Agricultural","Full",1.4271323669285,9.4271323669285,0.0512662414806909
"Post-growing season",42,"Site_Full","Site","Full",31.265553742358,37.265553742358,4.04295751292839e-08
"Post-growing season",43,"Storm_Agricultural","Storm","Agricultural",27.1555952832142,33.1555952832142,2.98623628443621e-07
"Post-growing season",43,"Storm_Site","Storm","Site",6.48414289558843,14.4841428955884,0.00589990077404468
"Post-growing season",43,"Agricultural_Full","Agricultural","Full",3.91726341843514,11.9172634184351,0.0179772385243079
"Post-growing season",43,"Site_Full","Site","Full",24.5887158060609,30.5887158060609,1.03758737007245e-06
"Post-growing season",44,"Storm_Agricultural","Storm","Agricultural",25.2740437886874,31.2740437886874,7.44276802294781e-07
"Post-growing season",44,"Storm_Site","Storm","Site",2.50104152874087,10.5010415287409,0.0327826462353459
"Post-growing season",44,"Agricultural_Full","Agricultural","Full",-1.2003371263437,6.7996628736563,0.14686151567779
"Post-growing season",44,"Site_Full","Site","Full",21.5726651336029,27.5726651336029,4.46501522872721e-06
"Post-growing season",45,"Storm_Agricultural","Storm","Agricultural",31.2161155049746,37.2161155049746,4.14152841092632e-08
"Post-growing season",45,"Storm_Site","Storm","Site",2.12910790899491,10.1291079089949,0.0383081366957695
"Post-growing season",45,"Agricultural_Full","Agricultural","Full",0.823043660865324,8.82304366086532,0.0656779860345856
"Post-growing season",45,"Site_Full","Site","Full",29.910051256845,35.910051256845,7.8235621918141e-08
"Post-growing season",46,"Storm_Agricultural","Storm","Agricultural",28.0922469664578,34.0922469664578,1.89430954397819e-07
"Post-growing season",46,"Storm_Site","Storm","Site",7.76563604563319,15.7656360456332,0.00335032081772976
"Post-growing season",46,"Agricultural_Full","Agricultural","Full",6.83203732244783,14.8320373224478,0.00506256610994453
"Post-growing season",46,"Site_Full","Site","Full",27.1586482432724,33.1586482432724,2.98181099041306e-07
"Post-growing season",47,"Storm_Agricultural","Storm","Agricultural",28.3441357240019,34.3441357240019,1.67597044646787e-07
"Post-growing season",47,"Storm_Site","Storm","Site",9.58654053061673,17.5865405306167,0.00148613747553741
"Post-growing season",47,"Agricultural_Full","Agricultural","Full",7.83134882531829,15.8313488253183,0.00325402198144496
"Post-growing season",47,"Site_Full","Site","Full",26.5889440187035,32.5889440187035,3.93221229385762e-07
"Post-growing season",48,"Storm_Agricultural","Storm","Agricultural",13.5092106907053,19.5092106907053,0.000214509375620645
"Post-growing season",48,"Storm_Site","Storm","Site",6.48697943405944,14.4869794340594,0.00589255285442496
"Post-growing season",48,"Agricultural_Full","Agricultural","Full",3.32550172680317,11.3255017268032,0.0231394015064846
"Post-growing season",48,"Site_Full","Site","Full",10.3477329834491,16.3477329834491,0.000962221307725105
"Post-growing season",49,"Storm_Agricultural","Storm","Agricultural",24.1554139417111,30.1554139417111,1.27998028040507e-06
"Post-growing season",49,"Storm_Site","Storm","Site",0.84369148381063,8.84369148381063,0.0651274316351214
"Post-growing season",49,"Agricultural_Full","Agricultural","Full",-0.331616167245102,7.6683838327549,0.104509434064431
"Post-growing season",49,"Site_Full","Site","Full",22.9801062906554,28.9801062906554,2.26108817919344e-06
"Post-growing season",50,"Storm_Agricultural","Storm","Agricultural",20.2221813094261,26.2221813094261,8.56849420005914e-06
"Post-growing season",50,"Storm_Site","Storm","Site",6.76678467816021,14.7667846781602,0.00521018615896236
"Post-growing season",50,"Agricultural_Full","Agricultural","Full",7.12610177148952,15.1261017714895,0.00444669414696528
"Post-growing season",50,"Site_Full","Site","Full",20.5814984027554,26.5814984027554,7.2049876932893e-06
