"Season","Rep","n","Use_Frozen","Use_Hydrologic_Group","Use_Tile","AIC_Storm","AIC_Agricultural","AIC_Site","AIC_Full","AUC_Storm","AUC_Agricultural","AUC_Site","AUC_Full","RMSE_Storm","RMSE_Agricultural","RMSE_Site","RMSE_Full","R2m_Storm","R2m_Agricultural","R2m_Site","R2m_Full","R2c_Storm","R2c_Agricultural","R2c_Site","R2c_Full","REvar_Storm","REvar_Agricultural","REvar_Site","REvar_Full","Singular_Storm","Singular_Agricultural","Singular_Site","Singular_Full"
"June",1,1278,FALSE,TRUE,TRUE,567.020159788255,558.40999022505,568.131143551391,559.505329721798,0.942651005506037,0.947838893250615,0.943261647090216,0.947905601995105,,,,,0.628574651471223,0.629621617025038,0.658084043561817,0.655128396702746,0.786122975980009,0.806955535210303,0.786693343400666,0.804994383044606,2.42341698316454,3.0221286432471,1.98356508878951,2.52833400641911,FALSE,FALSE,FALSE,FALSE
"June",2,1278,FALSE,TRUE,TRUE,609.116576817775,610.735749340566,612.865008998609,613.945390690293,0.939187411455171,0.940432098765432,0.939131754705525,0.940927949807731,,,,,0.58724810979046,0.581706220015314,0.599461823437669,0.594758374519551,0.760872507160064,0.77263373150974,0.752454009514186,0.763566633381794,2.38868967074749,2.76261883560094,2.03325497896333,2.34889398006357,FALSE,FALSE,FALSE,FALSE
"June",3,1278,FALSE,TRUE,TRUE,587.191139303418,572.658805619465,588.792913118958,574.116951964026,0.94080730280987,0.946845433366614,0.940706931435786,0.946850716070514,,,,,0.581273147622931,0.595988797642604,0.600468708342618,0.610985468777337,0.743146393693175,0.780461547510872,0.733748868694883,0.769139303593679,2.07332745528343,2.76439509546515,1.6468442791118,2.25376285129291,FALSE,FALSE,FALSE,FALSE
"June",4,1278,FALSE,TRUE,TRUE,555.001597568712,547.887568774297,555.276920234139,548.5589481814,0.948779366700715,0.952507660878447,0.948840653728294,0.95270684371808,,,,,0.59962149278457,0.588337148302618,0.625232359818353,0.61144986886481,0.774140974444422,0.799516900260991,0.759782971390891,0.782353627757106,2.54205507178503,3.46539702026861,1.84272435615784,2.5833227749886,FALSE,FALSE,FALSE,FALSE
"June",5,1278,FALSE,TRUE,TRUE,555.77313023954,547.421628151903,557.492122124705,548.359610505962,0.937109734256256,0.941907885183213,0.936885860883876,0.941502492860255,,,,,0.53447860295782,0.537942314626508,0.564939287296859,0.571054352042154,0.726207158571035,0.753093259719239,0.727074368609903,0.751306856440041,2.30379166284814,2.86674327882003,1.95438967988929,2.38449263919735,FALSE,FALSE,FALSE,FALSE
"June",6,1278,FALSE,TRUE,TRUE,564.950895250832,561.854924229171,567.93529300621,564.259413626251,0.944092918436335,0.947251235156453,0.944092918436335,0.947554606916876,,,,,0.596064802150773,0.593486024939316,0.605683828099261,0.602758873804453,0.768499665450477,0.785485362835283,0.75651094417267,0.770813264657394,2.45048441511713,2.94456598292508,2.03787936661568,2.41234198989903,FALSE,FALSE,FALSE,FALSE
"June",7,1278,FALSE,TRUE,TRUE,584.719998551496,586.978141753419,587.396947112098,589.126469274383,0.935044205012337,0.9357917277893,0.93471259716391,0.935741143541235,,,,,0.534044106847165,0.532352782507306,0.546658318025407,0.544867910242683,0.729106007001471,0.734873306636731,0.714621954543299,0.718830925274904,2.36892639187978,2.51300919685214,1.93630247384896,2.03548480627125,FALSE,FALSE,FALSE,FALSE
"June",8,1278,FALSE,TRUE,TRUE,545.91792522606,542.496353053281,547.763209495904,543.903603009441,0.942947536383394,0.946061789870423,0.942997056315167,0.945786679138353,,,,,0.630586069443883,0.631880410305315,0.646374161774944,0.647132397335261,0.772360355473889,0.786691113443498,0.761122468002006,0.771799692281113,2.04893443213133,2.38764923126891,1.58033613665781,1.79727610824137,FALSE,FALSE,FALSE,FALSE
"June",9,1278,FALSE,TRUE,TRUE,541.742439724125,539.514898788882,546.395882649265,543.531544131852,0.943254648915026,0.94768711372485,0.943368999972774,0.948149963244303,,,,,0.595776671304895,0.588119262661588,0.60203468090385,0.59266004020829,0.757490422774011,0.777239458790272,0.752198867917232,0.772102055702509,2.19379755564454,2.79304630570281,1.99361629031118,2.59037250397519,FALSE,FALSE,FALSE,FALSE
"June",10,1278,FALSE,TRUE,TRUE,537.243584645583,525.216437393054,539.689189312949,527.662915250387,0.951974431893971,0.955890748635425,0.951206108173577,0.955837392821509,,,,,0.627461467529287,0.624481964552056,0.647399821987682,0.640385508598571,0.809995620049581,0.831581334299293,0.798666343885181,0.819228381801449,3.16052341448387,4.04545193494662,2.47175221316135,3.25476684532757,FALSE,FALSE,FALSE,FALSE
"June",11,1278,FALSE,TRUE,TRUE,540.839169458891,534.54618259438,543.389817103072,536.475961162771,0.943498817966903,0.948770685579196,0.943498817966903,0.948841607565012,,,,,0.581068699957196,0.578682850940795,0.594283019628893,0.591621384987069,0.74904112480881,0.775370927979565,0.737073839461328,0.760159267570796,2.20198280470476,2.88065044790374,1.78667260415886,2.31181502665124,FALSE,FALSE,FALSE,FALSE
"June",12,1278,FALSE,TRUE,TRUE,550.230256849736,549.554606792126,551.537461377694,550.99517811993,0.947608780445523,0.950593741873971,0.9471212186877,0.949997833058854,,,,,0.609973537114935,0.608578856778332,0.63004226622882,0.626567720146455,0.773442157613185,0.787672974172896,0.760955958516956,0.773875298779995,2.37374349866167,2.77494599405667,1.80171311466815,2.14316483862131,FALSE,FALSE,FALSE,FALSE
"June",13,1278,FALSE,TRUE,TRUE,595.092868563608,584.142303460303,596.713553408803,585.362770702234,0.944242812929682,0.949208292642636,0.944276823064702,0.949081969283989,,,,,0.613151160299045,0.613831488606956,0.627012520300474,0.625280240034548,0.781903498259613,0.809247297207974,0.767496416261684,0.790916705256805,2.54553802886802,3.37029165053529,1.98781233901534,2.60624422138618,FALSE,FALSE,FALSE,FALSE
"June",14,1278,FALSE,TRUE,TRUE,510.802550778157,512.707110286019,515.129831946751,516.624555287304,0.949062947728428,0.94913227342053,0.948519896473633,0.948854970652124,,,,,0.663861880762895,0.665336479079947,0.668303291627014,0.668765696892817,0.785188073574298,0.785328725661064,0.777519209788806,0.777449735821699,1.85812390473109,1.83889842520147,1.61499771963141,1.60663101270052,FALSE,FALSE,FALSE,FALSE
"June",15,1278,FALSE,TRUE,TRUE,609.828267282059,607.955378604253,609.821194053471,608.471349195682,0.935051072522983,0.936751787538304,0.93523493360572,0.937007150153218,,,,,0.5458344742346,0.549040040154029,0.578191793663445,0.576631999808139,0.737462986319325,0.750750529735449,0.726099055800885,0.74004540472295,2.40130915857066,2.6623964785237,1.77653782783061,2.06808636283238,FALSE,FALSE,FALSE,FALSE
"June",16,1278,FALSE,TRUE,TRUE,527.391520995611,516.519591310654,528.34370304918,517.949972782299,0.956713856713857,0.96038181038181,0.956408193908194,0.960242385242385,,,,,0.616527738305929,0.610547160840563,0.649220454853158,0.638517874095082,0.80835727976659,0.827797713841716,0.796753521070738,0.815777547696451,3.29307523283113,4.15050047993819,2.38805776991918,3.16552594039772,FALSE,FALSE,FALSE,FALSE
"June",17,1278,FALSE,TRUE,TRUE,537.58503376455,533.193699333726,540.890124078668,537.006758771698,0.951128536034196,0.953704157477742,0.951161207764981,0.954030874785592,,,,,0.556275388203566,0.558701702920905,0.579128717307334,0.577317468725263,0.768645295450462,0.786991561870445,0.762624310775935,0.781897117157039,3.01990396853169,3.52588629257654,2.54312607832495,3.08588340239003,FALSE,FALSE,FALSE,FALSE
"June",18,1278,FALSE,TRUE,TRUE,561.3463050341,556.709962651532,564.424158209458,559.158585920098,0.94560977723845,0.947706292797088,0.945290153419433,0.947641284562711,,,,,0.556798997355506,0.553796827432095,0.571911578489321,0.567400452578516,0.783211580827005,0.801393409470775,0.768219343542309,0.784348763348417,3.43591943828124,4.10137500014804,2.78636996941498,3.30965565207645,FALSE,FALSE,FALSE,FALSE
"June",19,1278,FALSE,TRUE,TRUE,542.137987424564,540.131626623528,538.560953483253,537.186237340828,0.932406584056756,0.934185021462797,0.930922420466104,0.933385364355764,,,,,0.517173178578098,0.513193125367848,0.571170709686877,0.558335392422081,0.731922238491405,0.738786469792016,0.704872538402944,0.709913874192163,2.63541475792056,2.8412477500845,1.49041157786419,1.7190522833202,FALSE,FALSE,FALSE,FALSE
"June",20,1278,FALSE,TRUE,TRUE,514.195916278645,514.920721191888,517.378307832594,517.506990768065,0.952936697784621,0.95439694994801,0.953175338215992,0.954442405268272,,,,,0.627387348110226,0.622125038806511,0.639356698749971,0.634852201984451,0.806150617843424,0.816784122300364,0.799111947912161,0.808496079624729,3.03383780762117,3.49534507468208,2.61625167822128,2.98304838115474,FALSE,FALSE,FALSE,FALSE
"June",21,1278,FALSE,TRUE,TRUE,507.685534422099,501.319618983284,510.293366128798,505.066946318209,0.948423224285293,0.953108741286081,0.947911967616401,0.953265125678919,,,,,0.620800380566263,0.624454609499788,0.643452683214801,0.63488728318959,0.810257480552482,0.831348716486919,0.798777595732976,0.82016548410823,3.28491936210211,4.03586806722269,2.5394710987781,3.38945416594943,FALSE,FALSE,FALSE,FALSE
"June",22,1278,FALSE,TRUE,TRUE,523.967135707809,516.132078626302,524.907589448924,517.053833575713,0.953539578794481,0.957385620915033,0.953161946259986,0.956862745098039,,,,,0.633642681256734,0.638953233329326,0.660685641638176,0.662326492513197,0.804474618155511,0.823122694596239,0.797199147679044,0.813374626978978,2.87438152591332,3.42550018182937,2.21454411164038,2.66270569852952,FALSE,FALSE,FALSE,FALSE
"June",23,1278,FALSE,TRUE,TRUE,524.760381975229,513.522105513135,527.898031271003,515.491736389665,0.948411235522298,0.954689262428127,0.948680844039726,0.954931359872349,,,,,0.643602542876261,0.633467302881884,0.652348610297345,0.64340579116269,0.785323040874572,0.815520522833622,0.777494255822411,0.807937958618783,2.17182948815589,3.24660008883201,1.85034625872482,2.81830355852273,FALSE,FALSE,FALSE,FALSE
"June",24,1278,FALSE,TRUE,TRUE,598.452560723759,597.839421815383,600.025587764659,599.228305212607,0.938782843027173,0.94051450956908,0.938608179254934,0.940344836190334,,,,,0.568789779531293,0.562879431644377,0.600521812054841,0.596253808873468,0.767738474790805,0.784811262781499,0.758275195378548,0.77296528927852,2.81800858831539,3.3929585188724,2.14701933296508,2.5606545642093,FALSE,FALSE,FALSE,FALSE
"June",25,1278,FALSE,TRUE,TRUE,533.259686432359,526.432158694921,538.466732814574,531.884402351457,0.953512205687359,0.95691426699842,0.953411834313275,0.957115009746589,,,,,0.568622059953474,0.573228276736745,0.580546558890139,0.583911462529529,0.796403316477409,0.820194803341479,0.792801741382016,0.816616007856729,3.68066062926956,4.5187086973334,3.37016134087985,4.17466791561698,FALSE,FALSE,FALSE,FALSE
"June",26,1278,FALSE,TRUE,TRUE,542.588644358475,537.588152165799,543.873641835304,539.149016819923,0.945295508274232,0.947966903073286,0.944609929078014,0.947689125295508,,,,,0.59401821210988,0.581440942832175,0.625036866110168,0.608880407021223,0.794223569173037,0.802883916956069,0.781033427712355,0.79047875837603,3.20080011957862,3.69588403316029,2.34377380811848,2.85142749548142,FALSE,FALSE,FALSE,FALSE
"June",27,1278,FALSE,TRUE,TRUE,518.865297817298,511.642202932211,516.59544459345,510.234508056506,0.950772088057519,0.954286381556632,0.950432892007763,0.953774807186508,,,,,0.629989318671143,0.625883704707332,0.674858026846695,0.665594304405575,0.801758968649973,0.814901976024971,0.789892173589362,0.802434250438479,2.85056778585742,3.3595452514294,1.80120455349446,2.27866104762356,FALSE,FALSE,FALSE,FALSE
"June",28,1278,FALSE,TRUE,TRUE,488.356923537397,485.837860561376,487.195566805174,485.408852131121,0.958613966151669,0.960272498677335,0.958833914909553,0.960302221482455,,,,,0.610430244116068,0.598088866333721,0.650183630296434,0.633783742869191,0.820733376991033,0.833561792337467,0.810370442473898,0.82072631170174,3.85944446126641,4.65442933138705,2.77906828289943,3.43060047389854,FALSE,FALSE,FALSE,FALSE
"June",29,1278,FALSE,TRUE,TRUE,537.625951279762,536.833927211773,541.435449133708,540.080813381651,0.940906328877255,0.942653314013275,0.941344535851173,0.942659156772927,,,,,0.578222521150715,0.579854608068961,0.591399922719264,0.592266063987034,0.741218283278744,0.755873982850979,0.738087921867622,0.750412427696403,2.0721501137971,2.37205578811805,1.84254264803311,2.08456165355281,FALSE,FALSE,FALSE,FALSE
"June",30,1278,FALSE,TRUE,TRUE,532.609291639495,529.779595263212,535.756029562853,532.977723944086,0.951023206928918,0.954086364172863,0.951169339201106,0.954063882284834,,,,,0.591804688906453,0.569931126647102,0.618305388234488,0.595573042903549,0.815413337419164,0.827535161495466,0.806954382272979,0.817921334831754,3.98535277075482,4.91394833119549,3.21494122088153,4.01747541108417,FALSE,FALSE,FALSE,FALSE
"June",31,1278,FALSE,TRUE,TRUE,565.249172564654,556.764633430971,563.214995352637,555.674116910123,0.940524149406665,0.945308052721461,0.939484170425187,0.945247843412007,,,,,0.622854200058107,0.620653400922805,0.648869864401922,0.639814993644523,0.751157484237113,0.772128081648063,0.734962680756411,0.752177036846988,1.69625710773364,2.18689397440462,1.0686571003403,1.49161441968784,FALSE,FALSE,FALSE,FALSE
"June",32,1278,FALSE,TRUE,TRUE,544.321536427663,532.459980408632,545.53051719855,532.96914712675,0.947897053027981,0.952226649735079,0.948061260235583,0.952566011297456,,,,,0.554301974542993,0.537630116988483,0.582859426181752,0.568090769133347,0.772048952747835,0.80878510665694,0.762179380752912,0.797701456242797,3.14259948984728,4.66524413557369,2.48060494564031,3.7340302537429,FALSE,FALSE,FALSE,FALSE
"June",33,1278,FALSE,TRUE,TRUE,543.63844812914,543.660651275941,546.093707051131,545.783509150351,0.94631555153707,0.948677667269439,0.946473779385172,0.94875678119349,,,,,0.649913510487242,0.642735063390862,0.660118749368179,0.652347498089672,0.798570183794892,0.810562394569675,0.788748574654327,0.798861601407917,2.42794667437991,2.91457331058578,2.00318252319195,2.39641999249152,FALSE,FALSE,FALSE,FALSE
"June",34,1278,FALSE,TRUE,TRUE,507.988933616168,506.904652107773,508.721340668525,507.374076229614,0.950652828925343,0.952771099004778,0.950117174422497,0.952698055208936,,,,,0.58049810943647,0.570852880344687,0.608280479983078,0.598268429945434,0.813229288136058,0.829458703514869,0.803676678380324,0.819263154651362,4.09943765208308,4.9886981884771,3.2743319604067,4.02266345372253,FALSE,FALSE,FALSE,FALSE
"June",35,1278,FALSE,TRUE,TRUE,565.031864018633,566.052097991413,566.996649828592,568.140917806379,0.952405876527245,0.952631659970135,0.952606002760716,0.95350400509039,,,,,0.527008998776817,0.528288494081949,0.559754748890323,0.558199395047728,0.810628094296494,0.812340273372975,0.806282936376614,0.81051920334292,4.92717977881508,4.97972001668017,4.18675161030673,4.38091306061507,FALSE,FALSE,FALSE,FALSE
"June",36,1278,FALSE,TRUE,TRUE,606.801576442187,605.335771548919,608.755578915106,607.212183684219,0.940291072127531,0.941714407714479,0.939767487965189,0.941373823841888,,,,,0.526574341844995,0.532615692717676,0.553254427144808,0.555467731995298,0.729818444766138,0.742294264766834,0.716293176840498,0.72656891567846,2.4748036444724,2.67675398019135,1.89059953232082,2.05865523019698,FALSE,FALSE,FALSE,FALSE
"June",37,1278,FALSE,TRUE,TRUE,467.649433903614,463.814573581912,465.635138216154,463.250384083344,0.961209386778178,0.963954991884233,0.961787119315525,0.964510715563014,,,,,0.66894480729555,0.664022339951567,0.707848839035468,0.697431954470269,0.820232027161452,0.827218560680644,0.811306648482192,0.818711347562238,2.76865225664724,3.10735949550661,1.80378666096613,2.20087250493675,FALSE,FALSE,FALSE,FALSE
"June",38,1278,FALSE,TRUE,TRUE,601.55036387878,589.074351696121,604.571109652398,591.859985344962,0.935295404463747,0.941458000971076,0.934772517487368,0.940961791901655,,,,,0.526947499428513,0.52277412611775,0.554229082969023,0.550477343173954,0.760270004445651,0.790262807745214,0.752347371824184,0.780037596959104,3.2019367136561,4.19573886896354,2.63184384517958,3.4334184081024,FALSE,FALSE,FALSE,FALSE
"June",39,1278,FALSE,TRUE,TRUE,514.450829973505,514.985848025476,517.788379687052,518.171874868211,0.947696208112875,0.948982216343327,0.947249167156575,0.949043454830492,,,,,0.557310509320728,0.551756619418258,0.57387866371481,0.566753132417034,0.764638570858888,0.774217393169326,0.753608368795946,0.761273850741987,2.89801937966017,3.24146585440915,2.39978536014245,2.68067622482923,FALSE,FALSE,FALSE,FALSE
"June",40,1278,FALSE,TRUE,TRUE,547.143878085961,533.814049239289,550.865415671098,536.630472086705,0.945209594675787,0.95171465545131,0.945082497573601,0.951662661182234,,,,,0.532840970131981,0.539475614777393,0.547708310684209,0.555132142965073,0.765174985869044,0.80380046936082,0.75824466761623,0.792900882219964,3.25496956776866,4.43219162250284,2.86503236485259,3.77706967972046,FALSE,FALSE,FALSE,FALSE
"June",41,1278,FALSE,TRUE,TRUE,545.264632642387,532.41438439467,543.296764984724,531.155237208291,0.951548925732642,0.954951071701637,0.951046044428024,0.954699631049329,,,,,0.616599850249685,0.61083113071646,0.664665034447217,0.653976238162835,0.829464738678443,0.842745899813859,0.817754437732868,0.831096001369409,4.10646694295178,4.85182267224822,2.76354575228475,3.44989265822886,FALSE,FALSE,FALSE,FALSE
"June",42,1278,FALSE,TRUE,TRUE,566.620226013564,569.803457320664,569.260419532261,572.110753473788,0.940362254025045,0.94112813059034,0.940848613595707,0.941474731663685,,,,,0.56051655606468,0.556514844661452,0.577517564102912,0.574771393945034,0.728711853401611,0.734569239178669,0.720540926005779,0.726603826410854,2.0396775748758,2.20688618295113,1.68370986840134,1.82705073985993,FALSE,FALSE,FALSE,FALSE
"June",43,1278,FALSE,TRUE,TRUE,521.669293043926,502.383621003512,524.222420177218,504.464451951686,0.944820965001484,0.952192065487206,0.9446377928386,0.951541488494893,,,,,0.56677577709128,0.58662399752079,0.580626491148714,0.599765689927938,0.757277994556833,0.810328444395372,0.747126484058068,0.794607610137441,2.5820780999817,3.88017132454468,2.16615416957685,3.12087621568848,FALSE,FALSE,FALSE,FALSE
"June",44,1278,FALSE,TRUE,TRUE,480.461505330104,474.707277534469,484.990776146963,478.51285484865,0.949083135881323,0.953596631297002,0.948915730915834,0.953892809312867,,,,,0.586132366489512,0.583956987831824,0.597603231272227,0.599060735721097,0.777832079578516,0.803663009177183,0.773315763779775,0.798036257748488,2.83869415590607,3.68144502661552,2.55011583966561,3.24119181990751,FALSE,FALSE,FALSE,FALSE
"June",45,1278,FALSE,TRUE,TRUE,569.928684442427,561.567284871805,572.997952630419,564.209169876603,0.941383965759917,0.947094476201419,0.941182891448597,0.94681297216557,,,,,0.571974487532071,0.563572456794914,0.587122610051821,0.574733497727531,0.775297083090654,0.80430143099552,0.763422531312587,0.789536522924419,2.97683954079904,4.04686955611753,2.45164299097025,3.35770195112319,FALSE,FALSE,FALSE,FALSE
"June",46,1278,FALSE,TRUE,TRUE,587.364970658227,580.394292722892,588.439036222442,581.221906187705,0.932773207441339,0.938329671870618,0.93212466111994,0.93739483032626,,,,,0.528541163543056,0.522186992792949,0.552056552593091,0.543203825554624,0.713398834300389,0.735110391940043,0.701153908687883,0.719582146410233,2.12196401507775,2.64445974646845,1.64134869049485,2.06927415579839,FALSE,FALSE,FALSE,FALSE
"June",47,1278,FALSE,TRUE,TRUE,465.966003709658,452.795311094822,468.214770242899,455.520460160416,0.966369545755323,0.970189671758314,0.966486318165895,0.970467701307295,,,,,0.641684136332388,0.653867118770992,0.661773535836315,0.663705433847344,0.855958102938995,0.874520849179855,0.84733283802628,0.865479280234796,4.89394481052447,5.78519755280972,3.99867022674326,4.93462530234808,FALSE,FALSE,FALSE,FALSE
"June",48,1278,FALSE,TRUE,TRUE,576.143376715677,568.988084376273,580.771260692746,573.126542126021,0.941309195158208,0.946368655765555,0.941410065831387,0.946596942025908,,,,,0.532756653755425,0.524314870653391,0.545327085688854,0.536381730547523,0.764453394331255,0.789873603841658,0.759605133197515,0.782187030890531,3.23609725276077,4.15775090570987,2.93245246716787,3.71266700967527,FALSE,FALSE,FALSE,FALSE
"June",49,1278,FALSE,TRUE,TRUE,497.943379218647,492.656589883207,501.5934909989,495.924315554287,0.952989741535997,0.956643356643357,0.952921967899941,0.956341455900927,,,,,0.576203063084033,0.569821028637792,0.59101948562676,0.583016098822442,0.768311370141166,0.789628184656653,0.758388345095049,0.776231777671671,2.72784641175833,3.43742129602612,2.27895246839167,2.84068085344095,FALSE,FALSE,FALSE,FALSE
"June",50,1278,FALSE,TRUE,TRUE,615.372478757316,600.504166684541,618.358172564975,603.128275131204,0.934130201658253,0.940130253969084,0.934674234300212,0.940658593361756,,,,,0.527602191667671,0.534236568911895,0.542729679722465,0.548130391788308,0.737137360009314,0.77719251478943,0.734361798237408,0.774272734641779,2.62244597878309,3.58737061045865,2.37331978575314,3.29591769187664,FALSE,FALSE,FALSE,FALSE
"July",1,1278,FALSE,TRUE,TRUE,421.969868732774,410.52534119134,422.947475978379,412.339831352724,0.956519902861366,0.961996269313342,0.957477211135748,0.962974694682012,,,,,0.738102736008022,0.732263220493984,0.760962410712395,0.762770965367288,0.814655830632367,0.849972380244286,0.819529264325167,0.853918028588352,1.35882119950011,2.58117548180303,1.06763694773586,2.05269559188795,FALSE,FALSE,FALSE,FALSE
"July",2,1278,FALSE,TRUE,TRUE,450.0830886558,451.223159575339,453.453798992826,455.182808630885,0.958185579196217,0.960130023640662,0.958321513002364,0.960100472813239,,,,,0.720487281937891,0.706817994350849,0.734192699378552,0.724430344762705,0.820352286734165,0.829955330054586,0.820928793282796,0.829273066246227,1.82881647073652,2.38234810258998,1.59350191808061,2.02029475300076,FALSE,FALSE,FALSE,FALSE
"July",3,1278,FALSE,TRUE,TRUE,467.367586190042,463.99819977006,467.680127770152,465.348373600097,0.952326749246736,0.954238061904617,0.953008491341267,0.955059804607846,,,,,0.632502317348071,0.629999151636577,0.692545544853306,0.693844217798878,0.796207608075793,0.816878812823067,0.812103922374456,0.829707273533961,2.64273270556115,3.35739108975632,2.09334490263893,2.62472477178062,FALSE,FALSE,FALSE,FALSE
"July",4,1278,FALSE,TRUE,TRUE,332.094370384593,327.525544710243,332.227198568327,329.863060550223,0.974739162274055,0.977813385923826,0.974753663329007,0.978103407022861,,,,,0.772625409487686,0.754378432444303,0.815975842222022,0.799176441631862,0.885104876705674,0.902788295737893,0.893010901948882,0.908654329662817,3.22069905393364,5.02253184101553,2.36879451074275,3.94291063657358,FALSE,FALSE,FALSE,FALSE
"July",5,1278,FALSE,TRUE,TRUE,448.094054894373,440.444290398775,449.223395838034,443.637097330806,0.953427651952153,0.959756039967346,0.95377173275042,0.95999217384851,,,,,0.691200279291562,0.680019115052775,0.722351494928554,0.713285435027479,0.801431837136697,0.841762474710102,0.808722912553155,0.847369852015385,1.82631134947894,3.36275686692385,1.48554423479671,2.89012397942656,FALSE,FALSE,FALSE,FALSE
"July",6,1278,FALSE,TRUE,TRUE,466.862443635239,468.624129199528,467.051231666638,469.177858710893,0.947979118100929,0.949456610959714,0.948760547657353,0.949876875595101,,,,,0.617404481758025,0.616633123124528,0.660494951464467,0.66159657122866,0.778027553553687,0.787732532328398,0.783873167156826,0.79055947942787,2.38060504308941,2.65181706932572,1.87805491275183,2.02573485280886,FALSE,FALSE,FALSE,FALSE
"July",7,1278,FALSE,TRUE,TRUE,450.821518210022,452.375107031177,451.00649811129,453.982862135613,0.94772330636205,0.95080385001851,0.947617536622772,0.949131366016183,,,,,0.730014319767246,0.722573541861351,0.755538931510433,0.752647368825379,0.78747169190777,0.802000932276104,0.795445955394322,0.803803454485277,0.889421175691189,1.31973167183065,0.641829627174343,0.85779683641021,FALSE,FALSE,FALSE,FALSE
"July",8,1278,FALSE,TRUE,TRUE,489.763647762154,480.747239499326,492.974238925381,484.519573845732,0.948603325387437,0.952544569346277,0.947985091040952,0.952069004464365,,,,,0.701975928123247,0.702055916573505,0.726679766588215,0.730438110923924,0.790635173440021,0.810690816343051,0.791830127233335,0.808988804556151,1.39315295084519,1.8878877825958,1.02962110960916,1.35291244714705,FALSE,FALSE,FALSE,FALSE
"July",9,1278,FALSE,TRUE,TRUE,452.846469707443,451.395950989716,451.989816470435,450.532709052071,0.950498368416372,0.952461741587254,0.950607824760393,0.952509628737763,,,,,0.647891515732614,0.645203147589272,0.695012577336459,0.698547944390854,0.784007807518735,0.801753889822863,0.794033195694772,0.806908094454209,2.0732446190754,2.59793898463182,1.58163728380797,1.84622241749775,FALSE,FALSE,FALSE,FALSE
"July",10,1278,FALSE,TRUE,TRUE,387.454908554836,386.707334565642,385.512981636332,385.523998002032,0.970169469557046,0.971796118077833,0.97063607789767,0.972022941576747,,,,,0.712595564668815,0.696806040168139,0.767704152978213,0.758559516368839,0.857214232111986,0.86972653775543,0.869169101271867,0.879525405157039,3.33209921826447,4.36685741572867,2.55143321129444,3.30328417628062,FALSE,FALSE,FALSE,FALSE
"July",11,1278,FALSE,TRUE,TRUE,468.639206239295,468.687911228127,470.867447356457,471.592437048412,0.945623916811092,0.949439537093979,0.945183652932297,0.949194946050204,,,,,0.642302275475938,0.631036028378652,0.673477912134229,0.669223883014514,0.766705392865248,0.794146287126972,0.772949298322991,0.797545280414955,1.75430481080602,2.60676008727639,1.4412980943021,2.08520935962562,FALSE,FALSE,FALSE,FALSE
"July",12,1278,FALSE,TRUE,TRUE,383.954834780774,383.334569564425,386.882876704089,387.035783271889,0.970966704748353,0.97208179125307,0.971329278887924,0.972430683349638,,,,,0.742180081371736,0.733934858276539,0.762203922243945,0.753822054880097,0.871005122413261,0.882354774786515,0.878070169635932,0.888594839237112,3.28553664512511,4.15046129450645,3.12626265391923,3.97992952489324,FALSE,FALSE,FALSE,FALSE
"July",13,1278,FALSE,TRUE,TRUE,472.756176713307,470.166764887191,473.946782615444,472.238859650049,0.952075435015068,0.953896503677781,0.952230971128609,0.953092900424484,,,,,0.68757745659565,0.688907129503675,0.721758370914037,0.723105742119033,0.808424662135058,0.820952135902393,0.813565090320107,0.822112335583252,2.07527427580809,2.42622642249485,1.62003994397734,1.83103554668459,FALSE,FALSE,FALSE,FALSE
"July",14,1278,FALSE,TRUE,TRUE,441.670755895288,444.119896147191,437.054180820876,438.564511092844,0.962804573642012,0.96296095803485,0.963652658233939,0.96357446603752,,,,,0.686656543941059,0.68879885007674,0.765844091565091,0.772625439010108,0.837504769680029,0.838991592381393,0.85449432717336,0.852381365467688,3.05406361716633,3.06887276340878,2.0043726097181,1.77746178019822,FALSE,FALSE,FALSE,FALSE
"July",15,1278,FALSE,TRUE,TRUE,372.326613840186,370.413067436853,372.268073261039,372.161873482382,0.971630434782609,0.974320652173913,0.971759510869565,0.974123641304348,,,,,0.785209239024299,0.76132912423201,0.815102568909066,0.799834883205487,0.869228813055259,0.887782979448643,0.876315483313013,0.891235632191738,2.11371729254089,3.70724963660818,1.62819423047009,2.7646592128034,FALSE,FALSE,FALSE,FALSE
"July",16,1278,FALSE,TRUE,TRUE,436.578638020954,431.19172425327,433.997326590261,430.875848017599,0.964135496241288,0.967124204887847,0.964421584441671,0.967178987734729,,,,,0.723176422777066,0.72084529908609,0.765449330489694,0.764912063971165,0.833455011821267,0.853124867039434,0.843270205303308,0.860124468021803,2.17840248387522,2.96294087757984,1.63351465291683,2.23939276290039,FALSE,FALSE,FALSE,FALSE
"July",17,1278,FALSE,TRUE,TRUE,443.010163751263,438.850846791676,442.63945276021,440.669858640637,0.956893855194766,0.959988552945953,0.956734128859221,0.96003513979382,,,,,0.70960163541412,0.702185463732606,0.746054696648358,0.740427502721175,0.823008780649592,0.843127577128939,0.82707191799922,0.845430196373634,2.1079834051259,2.95578380872928,1.54131111453387,2.23488034334662,FALSE,FALSE,FALSE,FALSE
"July",18,1278,FALSE,TRUE,TRUE,468.354827643378,466.514466434011,471.058428591909,469.583527524508,0.950037835299029,0.953632188706816,0.950951101137668,0.954069251643878,,,,,0.698619996605086,0.69056170987533,0.723821523967635,0.720266804788064,0.800429728175282,0.82348980436172,0.810505681025219,0.830303432384883,1.67830904137445,2.47756737531448,1.50494984516155,2.13325466600625,FALSE,FALSE,FALSE,FALSE
"July",19,1278,FALSE,TRUE,TRUE,448.919748126845,446.288647876587,451.943269926259,450.175250195526,0.954770860233163,0.957565323702415,0.954477691074558,0.95699146066855,,,,,0.703133876651979,0.698491483926521,0.728801206823122,0.72439973779608,0.806701560352786,0.823607006949666,0.807403552524876,0.824637245479561,1.76268376977015,2.33350296463958,1.34265899370442,1.88049157434166,FALSE,FALSE,FALSE,FALSE
"July",20,1278,FALSE,TRUE,TRUE,439.90624229148,432.477500381454,440.30309208581,433.373835785296,0.964748800735358,0.968833481745325,0.96538649355126,0.969051790997616,,,,,0.724552564515756,0.71763496397913,0.761342839132536,0.763323049229807,0.848317437636339,0.875612156546922,0.855612672149623,0.881173042630847,2.68435676326587,4.17825502277217,2.14794001820698,3.26281970379784,FALSE,FALSE,FALSE,FALSE
"July",21,1278,FALSE,TRUE,TRUE,454.608233521506,454.020860920521,455.845172877448,456.174971953771,0.95773374002757,0.959286912804007,0.957870968144364,0.959417903279128,,,,,0.663916705817477,0.647408985522194,0.715273880868585,0.704241356649615,0.816955498647907,0.832511562844168,0.829151454887035,0.840739556338928,2.75057400814107,3.63585141122346,2.19283226355973,2.8196648655611,FALSE,FALSE,FALSE,FALSE
"July",22,1278,FALSE,TRUE,TRUE,523.30244065641,511.692086143867,521.07448300313,512.563827854656,0.949865229110512,0.956432246998285,0.949701870456587,0.956405020555964,,,,,0.657915252331896,0.636823535994943,0.715825372616178,0.700605117076618,0.78272278207206,0.825981155905239,0.79858727014523,0.836442691899475,1.88975318652009,3.57607033437067,1.35182979527362,2.7323004637228,FALSE,FALSE,FALSE,FALSE
"July",23,1278,FALSE,TRUE,TRUE,478.937542562936,479.534636854288,478.900009079012,481.014744513928,0.951092079726441,0.953531930624442,0.951172175841779,0.952928129139583,,,,,0.685291105461463,0.677825278637526,0.724026118082968,0.72020026070666,0.794757156651618,0.810809288159412,0.80080111135418,0.811927692785238,1.75464765375901,2.31248062318136,1.2679769728877,1.60454859224188,FALSE,FALSE,FALSE,FALSE
"July",24,1278,FALSE,TRUE,TRUE,458.278421514383,457.1172451577,461.523632526056,461.208874190749,0.956534019583229,0.958567662565905,0.956672106452423,0.958743409490334,,,,,0.671005586046208,0.664998111901659,0.695636615130696,0.690197456473086,0.809196111494832,0.827017455178378,0.81327604962707,0.830453810416881,2.38270094815119,3.08136451014843,2.07267587282043,2.72152922175772,FALSE,FALSE,FALSE,FALSE
"July",25,1278,FALSE,TRUE,TRUE,416.502668917043,418.879434280868,416.612925886435,417.840735030471,0.966088645891602,0.967327691465622,0.966359311186897,0.965439049182891,,,,,0.817012609961149,0.819500208898659,0.83113085643957,0.838609258356525,0.858249160979465,0.860876983196242,0.859350442247896,0.857214545143997,0.957051232120378,0.978444360711197,0.660071155435489,0.428677698173904,FALSE,FALSE,FALSE,FALSE
"July",26,1278,FALSE,TRUE,TRUE,400.970133543216,396.697193659684,401.081493887892,397.433666487617,0.965559008898088,0.969292611991455,0.966197914240268,0.969765135734109,,,,,0.755871121950067,0.736565466786498,0.78290628106817,0.772147047613589,0.856742129510622,0.87358025823962,0.864009283946066,0.880588761455499,2.3164682837578,3.56558706709817,1.96203235380619,2.98764959714386,FALSE,FALSE,FALSE,FALSE
"July",27,1278,FALSE,TRUE,TRUE,421.973285563923,415.153139318387,416.328852631338,414.78491667891,0.957193925477508,0.963286713286713,0.957148262185576,0.96234083081098,,,,,0.752901035631548,0.732405303125538,0.793601448940008,0.784497365911094,0.819656215024207,0.857684171771248,0.823529154625911,0.853485872089311,1.21776160721358,2.89603034962902,0.557929016784525,1.54908670790704,FALSE,FALSE,FALSE,FALSE
"July",28,1278,FALSE,TRUE,TRUE,462.531316180258,458.502330433056,463.702968746468,461.579495728603,0.956575583007301,0.959440559440559,0.955540494747543,0.95900927266566,,,,,0.673541706391055,0.652850369467036,0.715586776915742,0.698562767246141,0.811598568449279,0.835886036946109,0.813460848429986,0.836216265917309,2.41075063700453,3.66917718982583,1.72614052481624,2.76499898666039,FALSE,FALSE,FALSE,FALSE
"July",29,1278,FALSE,TRUE,TRUE,463.158398369236,451.924643967481,462.51270674492,452.584418619376,0.960417682765591,0.964331255104979,0.95997108892506,0.963996309724581,,,,,0.714119756553953,0.695674293770401,0.760108846878519,0.744413466163356,0.835424406189287,0.8589121952832,0.839389040253796,0.861276827346119,2.42488143025327,3.80636137528966,1.62393265211021,2.77145512603786,FALSE,FALSE,FALSE,FALSE
"July",30,1278,FALSE,TRUE,TRUE,433.488467028244,428.641952444932,433.523565773454,429.382825928169,0.959962412105894,0.962988885648553,0.960124428890833,0.962755581478241,,,,,0.736901314247678,0.731619718720109,0.766564988192191,0.767798212870813,0.827701489159975,0.84548077631121,0.833181967436432,0.846786895110151,1.73373873355982,2.42421529241166,1.31377330022898,1.69608434479997,FALSE,FALSE,FALSE,FALSE
"July",31,1278,FALSE,TRUE,TRUE,444.776938128893,443.642521506339,445.059806466519,444.188917791163,0.962909206296973,0.964660324250633,0.96287394888851,0.964331255104979,,,,,0.716520678262492,0.709705748933592,0.751987319025254,0.748049841434356,0.830764422605211,0.841224517670558,0.835663227820968,0.843848366823691,2.22085012958299,2.72510213732477,1.67511325831094,2.01832353285499,FALSE,FALSE,FALSE,FALSE
"July",32,1278,FALSE,TRUE,TRUE,441.952689534272,442.952667006821,445.115207944692,446.335401022263,0.958430116139367,0.960494131419242,0.958596469609685,0.96035858414713,,,,,0.717985611780443,0.708141534507925,0.738914409317921,0.735624521017245,0.809331443586749,0.821177943895471,0.816100166075152,0.825399714946265,1.57611588852763,2.07958061378162,1.38081126073571,1.69156968794526,FALSE,FALSE,FALSE,FALSE
"July",33,1278,FALSE,TRUE,TRUE,453.870523578239,452.113643752001,456.615342224356,455.657133172499,0.956648552590914,0.959558823529412,0.957137890182343,0.959610332749562,,,,,0.705712199842416,0.687676297868461,0.727475100086577,0.715650171294195,0.818556702752566,0.834810947059876,0.824288856699114,0.840116284485983,2.04605813396701,2.93030067744795,1.81265961167658,2.56109321826968,FALSE,FALSE,FALSE,FALSE
"July",34,1278,FALSE,TRUE,TRUE,444.164542889256,444.349623307553,442.587321010069,442.894240460271,0.953236397748593,0.95570892522112,0.953899758777808,0.95564861967301,,,,,0.698321972267476,0.68796192991749,0.739773887660937,0.739015795049262,0.806119391270456,0.818933013576598,0.816788400258214,0.824247566438136,1.82916329795181,2.37965850692543,1.38292330389037,1.59543332054098,FALSE,FALSE,FALSE,FALSE
"July",35,1278,FALSE,TRUE,TRUE,454.990000264872,453.978534837447,453.821853813723,454.287934332441,0.957500684785586,0.960057217640077,0.95741546702377,0.959722433575798,,,,,0.727195552069826,0.712784100339719,0.761478636242017,0.754321563945421,0.826795790991137,0.846055764932665,0.831605322218976,0.847083059188948,1.89182268728239,2.8480845825583,1.37004062454604,1.99567873655534,FALSE,FALSE,FALSE,FALSE
"July",36,1278,FALSE,TRUE,TRUE,463.083986430901,460.207381677555,465.367925565215,464.083225223873,0.957722016545546,0.960247269070798,0.957807715160656,0.960835732894556,,,,,0.751083686680906,0.738750667448335,0.766373391596351,0.75608823994442,0.825507615401559,0.842564770639945,0.829809139893582,0.844922430391237,1.40318393863452,2.16936648364308,1.22624238886713,1.88455863134179,FALSE,FALSE,FALSE,FALSE
"July",37,1278,FALSE,TRUE,TRUE,436.821260970818,435.64864584471,435.881022161629,434.861621214652,0.95663939302827,0.959530953127299,0.957055214723926,0.959070350633648,,,,,0.747724957690925,0.74335470800994,0.772378364966765,0.778035685913897,0.805814727052166,0.822721550518588,0.812126276234642,0.825300283888466,0.984151260361888,1.4728606145028,0.696028076946524,0.890066098500316,FALSE,FALSE,FALSE,FALSE
"July",38,1278,FALSE,TRUE,TRUE,447.145650810767,443.113053620133,447.222698312024,443.214531836349,0.952281232009211,0.95699481865285,0.952741796200345,0.957469775474957,,,,,0.623695197522813,0.599155969037814,0.673306879690647,0.661293166132244,0.790842746063914,0.823047995291535,0.803004774258713,0.832408067336264,2.62909071152218,4.1625707703871,2.16598635190973,3.3590248153606,FALSE,FALSE,FALSE,FALSE
"July",39,1278,FALSE,TRUE,TRUE,443.895689115031,438.201106864169,445.237774318181,441.564257340263,0.952025213842455,0.956777268407223,0.951864482585118,0.956581595572203,,,,,0.630731097437999,0.601071453478665,0.666292190280426,0.638634274953644,0.784940520508153,0.814154325467916,0.787297834228187,0.815931581312141,2.3590155991866,3.77202510716997,1.87159642017109,3.16884755427899,FALSE,FALSE,FALSE,FALSE
"July",40,1278,FALSE,TRUE,TRUE,401.127804624961,395.203880009054,402.292904308464,398.768981117118,0.96920337125561,0.973789270431061,0.969614340882998,0.973417440768187,,,,,0.67110866774724,0.635693538231844,0.716296393212195,0.683196502648974,0.834812416827644,0.865320377312932,0.844690656967968,0.872481919182644,3.26031616374175,5.60917832603094,2.71973461887881,4.88341775563198,FALSE,FALSE,FALSE,FALSE
"July",41,1278,FALSE,TRUE,TRUE,482.124315277944,479.649178787113,482.593720236481,481.035771451461,0.937575021682567,0.941869904596704,0.937110147441457,0.941869904596704,,,,,0.625427803878645,0.61403277047021,0.671849102690209,0.670460872112704,0.746383726112622,0.77567359627267,0.757617403433714,0.785438223425588,1.56902011073678,2.37055020307944,1.16413638394282,1.76294366228785,FALSE,FALSE,FALSE,FALSE
"July",42,1278,FALSE,TRUE,TRUE,442.789923764452,442.386140182937,449.037423155213,448.091260764978,0.96501644914402,0.966721023653812,0.965488048091729,0.966703977908714,,,,,0.776393828547953,0.766241714946968,0.781994456072836,0.776423728044144,0.854929830864346,0.865947013923404,0.858156003528554,0.86956977822553,1.78102150778505,2.44692263457552,1.76645789896374,2.34944185559464,FALSE,FALSE,FALSE,FALSE
"July",43,1278,FALSE,TRUE,TRUE,405.572533559668,398.483900449039,406.948942120671,401.958498755056,0.970208353585431,0.97379216486828,0.97066200058326,0.974044911052785,,,,,0.75130034459607,0.729737428733186,0.777558487805039,0.758238912478878,0.873860978404049,0.898571589820849,0.878136922543465,0.902358548811383,3.19653917169322,5.47619868497021,2.71525875014141,4.85587415220131,FALSE,FALSE,FALSE,FALSE
"July",44,1278,FALSE,TRUE,TRUE,414.753518556091,411.3253040007,415.835702020607,413.544248356972,0.959959501152712,0.962606976473727,0.960363121421291,0.962709591796247,,,,,0.752059563532681,0.731920879631688,0.777561171025967,0.766174420893403,0.841200476094336,0.85908867959291,0.845556244248812,0.861195321657046,1.84674261252461,2.96899703668993,1.44839021529996,2.2521303834231,FALSE,FALSE,FALSE,FALSE
"July",45,1278,FALSE,TRUE,TRUE,419.662669033232,417.900919548997,419.074136190396,418.321352870881,0.969841684822077,0.971886710239651,0.96958024691358,0.971131445170661,,,,,0.750446085255084,0.740661188571089,0.783177492705548,0.781844446517109,0.850315677784511,0.861885791677356,0.853053622539053,0.861231856975975,2.19500469471212,2.88755924262086,1.56440231339745,1.88208983844435,FALSE,FALSE,FALSE,FALSE
"July",46,1278,FALSE,TRUE,TRUE,461.513430639092,458.944981570042,459.847201215991,458.767168062838,0.957659574468085,0.959704491725768,0.957003546099291,0.95951536643026,,,,,0.72900915018824,0.721779490622584,0.76787618233922,0.764181678630612,0.828264548588848,0.843624676608811,0.834007119061204,0.846314950286304,1.90139641880782,2.56341336936914,1.31067103687035,1.75819075205863,FALSE,FALSE,FALSE,FALSE
"July",47,1278,FALSE,TRUE,TRUE,437.598637863531,441.144303232044,442.374074716012,445.77138127148,0.958245278950125,0.958941499029605,0.95892301531068,0.959348140845938,,,,,0.759050780397456,0.754574822723886,0.766187928362226,0.766235264634169,0.829093974691927,0.835588227240326,0.834968543645896,0.83970877316854,1.34830163229356,1.62107258773056,1.3711274167772,1.50799366363487,FALSE,FALSE,FALSE,FALSE
"July",48,1278,FALSE,TRUE,TRUE,416.086557726048,406.245891532649,414.000719020135,404.864638050001,0.959079335298847,0.964084695792013,0.959320557491289,0.964272313052801,,,,,0.678206251913314,0.662004024076113,0.730476232544106,0.724214634466405,0.803912726269249,0.835297443043101,0.812124369060262,0.83757018960405,2.10904928358984,3.46146718892779,1.42973094039197,2.29591371014806,FALSE,FALSE,FALSE,FALSE
"July",49,1278,FALSE,TRUE,TRUE,475.496553300084,463.959185001164,477.092037726183,466.348844434762,0.952278053382841,0.955583285144718,0.951626746203244,0.955084152539794,,,,,0.703875861715571,0.717296497688356,0.734809869435821,0.74454583040312,0.799836656883408,0.821201810853962,0.806575711242085,0.826393330582659,1.57720368370824,1.91184698423358,1.22063344558463,1.55102038168864,FALSE,FALSE,FALSE,FALSE
"July",50,1278,FALSE,TRUE,TRUE,462.820778870681,456.901048992765,460.68202563885,457.591263732612,0.957670297748729,0.961307189542484,0.958315177923021,0.961545388525781,,,,,0.692866345785218,0.68526187950341,0.747120270718574,0.738314852377581,0.819297804450946,0.846468958154344,0.830866205234161,0.853397933350922,2.30181390822244,3.45435049879462,1.62896529147765,2.58255677751169,FALSE,FALSE,FALSE,FALSE
"August",1,1278,FALSE,TRUE,TRUE,426.549223018512,427.045617400787,426.897970057417,427.231457134866,0.946745562130177,0.947145971437469,0.947439604929483,0.947048093606798,,,,,0.446149465064436,0.461254804732731,0.536315102993437,0.554215542594792,0.715887094700733,0.739685058051362,0.72168137522291,0.739539371697659,3.12341050211899,3.51880998836688,2.19112390540971,2.34081812577213,FALSE,FALSE,FALSE,FALSE
"August",2,1278,FALSE,TRUE,TRUE,429.502462123529,424.601293662029,434.492697519651,428.510211894601,0.953275855520529,0.954848266170382,0.953306240267386,0.954833073796954,,,,,0.542869134198514,0.574084355656855,0.571548985636485,0.607786325252694,0.768037469377895,0.781973304489307,0.767730357300589,0.781502336062587,3.19350771280795,3.13689672959325,2.77871372066403,2.61560127452912,FALSE,FALSE,FALSE,FALSE
"August",3,1278,FALSE,TRUE,TRUE,444.924453011654,435.870590317732,449.102965105185,438.743861250129,0.950546026470414,0.955694699982195,0.950612796011633,0.956147249094902,,,,,0.552502776004799,0.563862642894428,0.583478960604257,0.603721028690407,0.749505240323796,0.793735421082831,0.751801239824545,0.794103430055161,2.58732809604687,3.6664129718074,2.23110744875,3.04197877426661,FALSE,FALSE,FALSE,FALSE
"August",4,1278,FALSE,TRUE,TRUE,446.130648847173,439.908422537872,447.563612700811,441.206937082907,0.944843052906295,0.949583788917532,0.944994692610358,0.949575807880476,,,,,0.560597853428275,0.5815549483677,0.614095732844934,0.636557523697461,0.745508900688256,0.779668733211071,0.746185592689535,0.77609488585866,2.39038993345648,2.95812862650397,1.7121101409962,2.05024133992937,FALSE,FALSE,FALSE,FALSE
"August",5,1278,FALSE,TRUE,TRUE,477.876931459359,470.52606042555,479.645477456354,473.040518587414,0.951431049436253,0.955781439722463,0.951888985255854,0.95572593235039,,,,,0.531326555365875,0.546712444713353,0.590019578191029,0.601409027611364,0.758364724789654,0.788462944964094,0.758931830568097,0.784882993487301,3.09112830512794,3.75975389723138,2.30515309339997,2.805938793419,FALSE,FALSE,FALSE,FALSE
"August",6,1278,FALSE,TRUE,TRUE,427.3558335293,424.290500459406,428.421808730176,425.360183143332,0.954422879714383,0.957674047628091,0.956033271297808,0.95793991416309,,,,,0.554777300184106,0.558774556309806,0.624876304252263,0.62524563137112,0.78485456710037,0.801393434948145,0.785886698563491,0.79692105882221,3.51819631267234,4.01892111299049,2.4739376857233,2.78113286800929,FALSE,FALSE,FALSE,FALSE
"August",7,1278,FALSE,TRUE,TRUE,473.623228658852,462.906400726242,475.291004486683,464.852128895723,0.952442636333583,0.956942673440336,0.953002610966057,0.957482408025853,,,,,0.553104790866717,0.588738319493828,0.608335971446094,0.641215103592307,0.761411195032783,0.806097087786728,0.766581291749479,0.807282142028638,2.872308284561,3.68783365460654,2.23035351568281,2.8349145406661,FALSE,FALSE,FALSE,FALSE
"August",8,1278,FALSE,TRUE,TRUE,495.008214485539,489.38653053547,499.662931941234,494.978128017019,0.935395769542111,0.937268151902298,0.935909618836448,0.937866469573787,,,,,0.503169518985528,0.529105050641785,0.532117121743256,0.549439460001053,0.713766336442676,0.732594728743864,0.714322032009388,0.730367813860107,2.4205250710191,2.50351911306539,2.09827216394675,2.20756443941094,FALSE,FALSE,FALSE,FALSE
"August",9,1278,FALSE,TRUE,TRUE,507.87255190729,499.485366069624,512.030599324617,502.563997827421,0.927360282148671,0.931173509374812,0.928513293543136,0.932145656236812,,,,,0.490605406091947,0.51499817377158,0.523252600206851,0.553587102774641,0.676992443908756,0.719444947897463,0.675771943477523,0.710840180882814,1.89837285439342,2.39740087442068,1.54757898677933,1.78912095108241,FALSE,FALSE,FALSE,FALSE
"August",10,1278,FALSE,TRUE,TRUE,399.306241012177,398.505307350701,403.905464638116,403.033368186169,0.9598617494018,0.959854153215086,0.960294732044514,0.960158000683657,,,,,0.591896177335359,0.598519954920138,0.622787171968707,0.629910057044262,0.775178971186661,0.791584566598611,0.775079205903288,0.788557837399802,2.68202768277014,3.04755316503963,2.22754286222988,2.46843047126905,FALSE,FALSE,FALSE,FALSE
"August",11,1278,FALSE,TRUE,TRUE,477.349113900875,472.193677065757,476.604388042608,471.141107992064,0.935937882871845,0.939069774565058,0.937308564077432,0.939958037245773,,,,,0.484203355282967,0.499416941336261,0.560427267748689,0.583388301033828,0.697636547238649,0.725763526855211,0.709859350623079,0.736990207192648,2.3222616704351,2.71535879356435,1.6943914913546,1.92133536532254,FALSE,FALSE,FALSE,FALSE
"August",12,1278,FALSE,TRUE,TRUE,464.870513224107,444.544381989026,464.46209885475,445.828472196306,0.945456703661938,0.953669357231883,0.94559766158229,0.953305834174135,,,,,0.475991061461208,0.524969242672236,0.56836851503857,0.606285981178124,0.733169997719349,0.803406748580711,0.729252691072867,0.793829782778505,3.17087576292749,4.65948180469615,1.95491407116323,2.99264551821527,FALSE,FALSE,FALSE,FALSE
"August",13,1278,FALSE,TRUE,TRUE,486.901099795227,471.186113088931,493.132348579534,476.978284787808,0.940770441049586,0.948593760196054,0.941582500126884,0.948912783404993,,,,,0.459414473398666,0.479563633573357,0.478417646338178,0.501222009250393,0.686415763675432,0.763506087921788,0.690024263461539,0.761180418842297,2.3815110094263,3.94992507061047,2.24584631793299,3.58106686083696,FALSE,FALSE,FALSE,FALSE
"August",14,1278,FALSE,TRUE,TRUE,493.566622440145,460.853938855974,497.121875091251,464.708087266588,0.941222903637136,0.952692263579385,0.940710155780895,0.952779970449531,,,,,0.556474848334082,0.616996415596964,0.595405180347623,0.653037040221657,0.722552525231939,0.814072946414435,0.725037248127531,0.808301139277851,1.9692868259167,3.48715147221685,1.55101884160693,2.66458762387968,FALSE,FALSE,FALSE,FALSE
"August",15,1278,FALSE,TRUE,TRUE,345.642568900521,335.997379252171,351.707385797073,341.630182273222,0.968277301392859,0.9724241186879,0.968504151354294,0.972650968649335,,,,,0.56911441486939,0.609539771825352,0.59125893781805,0.63332121914428,0.810388433134746,0.84739087687976,0.810249926142305,0.844247230736944,4.18624094143032,5.12747046234235,3.79684423519621,4.45525795393352,FALSE,FALSE,FALSE,FALSE
"August",16,1278,FALSE,TRUE,TRUE,449.504864740906,431.651135667365,453.913131688767,436.787848533563,0.944278651956351,0.95353288720082,0.945100078374631,0.953969976487611,,,,,0.551769706351186,0.571445610911041,0.582023352558574,0.600699392612145,0.740432359971431,0.80102314493584,0.746039048954393,0.802788507552184,2.39118887121495,3.79581742387708,2.12469677238583,3.37123628626298,FALSE,FALSE,FALSE,FALSE
"August",17,1278,FALSE,TRUE,TRUE,445.882288271871,436.545284302793,450.568237676163,439.662129021348,0.956268429409287,0.959942970091701,0.957130358705162,0.960228119633194,,,,,0.594014532379619,0.624046871277191,0.624305970458219,0.663617753030373,0.786960692307354,0.805721308103095,0.792252132210591,0.810312294517353,2.97957888588874,3.07643074279058,2.65957350900876,2.54421179378633,FALSE,FALSE,FALSE,FALSE
"August",18,1278,FALSE,TRUE,TRUE,493.492219459846,486.063647877166,493.710744036579,484.959611125255,0.937585316636002,0.940834767641997,0.937793044097573,0.941858567274022,,,,,0.444755853397514,0.471332613693772,0.527952988462007,0.565483965109366,0.693321342578556,0.736872461444661,0.701305049394623,0.741177884076052,2.66646426872032,3.32002909364251,1.90932394410069,2.23323197567311,FALSE,FALSE,FALSE,FALSE
"August",19,1278,FALSE,TRUE,TRUE,527.804074281855,514.069577471759,529.586883923596,514.96418259711,0.938944580563854,0.944318276323113,0.939040539416698,0.944011207994012,,,,,0.509095117573697,0.55288581295188,0.565571607694894,0.613814507394851,0.712935359607271,0.764106616082588,0.713416522558847,0.757412216252324,2.33608540471502,2.94577396726294,1.69720277834185,1.94740855925952,FALSE,FALSE,FALSE,FALSE
"August",20,1278,FALSE,TRUE,TRUE,467.247943827853,457.727765744126,470.987320333378,462.261429392584,0.936435580880025,0.942481798037354,0.93752769863881,0.943265273820829,,,,,0.486195443321133,0.526329080616185,0.529253295239117,0.559809015385395,0.701495038975556,0.75172292561091,0.704171393445888,0.749250190260172,2.37284927027796,2.98664719650036,1.94523945469755,2.48549135521659,FALSE,FALSE,FALSE,FALSE
"August",21,1278,FALSE,TRUE,TRUE,479.258364046527,474.25314963931,482.415956369686,477.060316259442,0.935391977270178,0.9382556357247,0.935907884406894,0.938420127855247,,,,,0.494888037631346,0.519531175969651,0.545528656529383,0.569861705815162,0.710009936397527,0.733720996134861,0.714136353984198,0.733291061309781,2.44050665329455,2.64630802164402,1.94042543948334,2.01590929570156,FALSE,FALSE,FALSE,FALSE
"August",22,1278,FALSE,TRUE,TRUE,469.211888431755,449.722646757867,470.574227193942,449.234121163478,0.945758803952988,0.951472219603976,0.946063326106974,0.95158822804359,,,,,0.554280784279137,0.615404902120197,0.615909628551932,0.681426190341878,0.739203428148865,0.787255296954467,0.745390298919288,0.791183548067872,2.33274198716534,2.65748161827281,1.67304831498228,1.72920873944753,FALSE,FALSE,FALSE,FALSE
"August",23,1278,FALSE,TRUE,TRUE,478.16419176326,460.579541124368,481.99683594109,464.419703846623,0.949098312972659,0.956753397852874,0.949085091755249,0.956627796287482,,,,,0.536495445837842,0.546671623352565,0.579593080895609,0.59049256227057,0.763471371272599,0.821351429377701,0.766359762773971,0.820058107760733,3.15699992944477,5.0583127402824,2.62984562266745,4.19713477114306,FALSE,FALSE,FALSE,FALSE
"August",24,1278,FALSE,TRUE,TRUE,455.297727368933,439.35965550754,457.283664230528,440.483919916083,0.944881769174222,0.950548272482235,0.945547966184759,0.951091950502328,,,,,0.483396897188529,0.5295466699867,0.537869246104632,0.583596512860097,0.717715608302544,0.778292797743029,0.717853965777437,0.7720357017679,2.73085471069556,3.69109325612901,2.09865077648676,2.71946128203018,FALSE,FALSE,FALSE,FALSE
"August",25,1278,FALSE,TRUE,TRUE,465.360066806474,459.175089840764,460.687306202785,456.568265884655,0.932666804379261,0.937426151621566,0.931460442057426,0.935806651518281,,,,,0.490925286420973,0.505166715402853,0.593609917610523,0.601249511973875,0.699374891933293,0.740126455327332,0.697479467032973,0.729961490170663,2.28115249277313,2.97447191884349,1.12956670198503,1.56809277225774,FALSE,FALSE,FALSE,FALSE
"August",26,1278,FALSE,TRUE,TRUE,446.390607411161,436.3915472297,447.012631554948,437.307794603713,0.948762585157051,0.951671489720866,0.948792729245795,0.951588593476819,,,,,0.526754557911656,0.541278646330594,0.595627047977523,0.608503546468455,0.753723258236783,0.794474199559561,0.756133600786436,0.793104556661539,3.03194320827932,4.05292172747454,2.16530606528157,2.93536179957776,FALSE,FALSE,FALSE,FALSE
"August",27,1278,FALSE,TRUE,TRUE,452.289113960657,448.739179473536,456.103634398198,452.303383086924,0.939449285807889,0.941652470187394,0.939547569125934,0.941406761892281,,,,,0.552451322874419,0.56791430405099,0.58522146913798,0.603071645854576,0.723107331609658,0.744229586584659,0.724694027103516,0.741471356750071,2.02762958017516,2.26786992969858,1.66667769372545,1.76118511614099,FALSE,FALSE,FALSE,FALSE
"August",28,1278,FALSE,TRUE,TRUE,458.653464722625,442.824238442445,457.224702478582,439.673212833941,0.948870067226252,0.95534201830681,0.948664970184967,0.954833073796954,,,,,0.470168149175622,0.514382074106753,0.566569389908406,0.61440270166323,0.756754980605233,0.807160440481349,0.75770956271704,0.801570756358359,3.87606244355277,4.99483726355592,2.59533958766187,3.10316265630432,FALSE,FALSE,FALSE,FALSE
"August",29,1278,FALSE,TRUE,TRUE,490.061861854352,483.880841530829,490.639296944106,484.46165812854,0.952684618126438,0.955762937040277,0.953274359223616,0.956501733579599,,,,,0.48362100391695,0.494991488744658,0.565989780009599,0.576530316386774,0.769116468095016,0.796388992969101,0.765055648625522,0.789068835180185,4.06803561156888,4.86986464623289,2.78747053859691,3.31493784125642,FALSE,FALSE,FALSE,FALSE
"August",30,1278,FALSE,TRUE,TRUE,448.111858597124,419.264136024051,451.152341942432,420.649792628703,0.947196553880359,0.961887337208674,0.948709635084956,0.962273327311888,,,,,0.520842525827193,0.552460536698233,0.566348706930862,0.617023450267563,0.720088543690474,0.830688765722368,0.721251868847651,0.823103508364239,2.34178741226467,5.40622238368652,1.8282130685222,3.83261538910877,FALSE,FALSE,FALSE,FALSE
"August",31,1278,FALSE,TRUE,TRUE,438.311475966147,438.914570103853,442.379511799385,442.741894414608,0.940152860979137,0.941747572815534,0.940648626316877,0.943317496385044,,,,,0.482948750012241,0.503030651216638,0.52073861886398,0.542341934286506,0.726948821536652,0.731063297930596,0.73436988739551,0.738407892460675,2.9398447003428,2.7894940783245,2.64585477833036,2.46578978994194,FALSE,FALSE,FALSE,FALSE
"August",32,1278,FALSE,TRUE,TRUE,441.864538100829,436.361728864088,441.812703325437,436.771252712011,0.939811738183164,0.945380519360347,0.939643497059986,0.944959916552403,,,,,0.498289871975443,0.522161259163485,0.586771812154175,0.609603030422692,0.731674906401057,0.76592229087489,0.738069175519558,0.769979226269409,2.86147664141357,3.42596334124107,1.9003046908869,2.29377776434031,FALSE,FALSE,FALSE,FALSE
"August",33,1278,FALSE,TRUE,TRUE,502.421516046914,492.764351219013,505.117747023896,496.758026356804,0.931204311049272,0.937020104978761,0.931528228685851,0.936696187342182,,,,,0.469913108404122,0.483298661208706,0.517997706068259,0.52218697013742,0.678282152598982,0.733241016436639,0.68003558015833,0.726545869973701,2.13076981610836,3.08247309515678,1.6660703670884,2.45859820198729,FALSE,FALSE,FALSE,FALSE
"August",34,1278,FALSE,TRUE,TRUE,503.668097176255,482.841418138794,503.340272609903,483.226969645641,0.943000608850914,0.952509628737763,0.944115695355631,0.953180048844893,,,,,0.484842316897789,0.528699673616597,0.559317665855406,0.598002751021558,0.724752174343609,0.809500909883422,0.723659309351644,0.800522593250193,2.86749511313471,4.84936194987331,1.95650642223216,3.34004530259855,FALSE,FALSE,FALSE,FALSE
"August",35,1278,FALSE,TRUE,TRUE,480.714708544814,479.167847036315,482.908098199822,482.152001554843,0.94129245826137,0.942962003454231,0.941378814047208,0.942997985031664,,,,,0.510001452469631,0.525157366865092,0.561238470547877,0.571702839096958,0.731705099151087,0.75336015360573,0.739615899527632,0.759259804164686,2.71855991311727,3.0439407382643,2.25374060208213,2.56308540619128,FALSE,FALSE,FALSE,FALSE
"August",36,1278,FALSE,TRUE,TRUE,507.74472663388,493.250336254235,512.993040671587,498.809624767824,0.932533042146463,0.941899710703954,0.933064836349197,0.941842985988995,,,,,0.557200098844964,0.585996268382838,0.581362244234625,0.607543949970938,0.703116665176001,0.763584872838755,0.707665015450429,0.763820778651387,1.61695253805836,2.47125933827685,1.42138123789957,2.17686448356972,FALSE,FALSE,FALSE,FALSE
"August",37,1278,FALSE,TRUE,TRUE,416.977851556783,399.597757498757,421.321375071774,403.621243710781,0.958887306109528,0.965598290598291,0.959235517568851,0.965748654637544,,,,,0.551850191384859,0.580687431211797,0.588441608358698,0.623768673956006,0.804312520836876,0.865251679304024,0.803960891172534,0.862746808082846,4.24435828073912,6.94761053015389,3.61677843246252,5.72814764547477,FALSE,FALSE,FALSE,FALSE
"August",38,1278,FALSE,TRUE,TRUE,450.305280902067,444.76361788811,455.078720466259,449.342320647403,0.946973210539102,0.948791566362626,0.947238234059939,0.948879907536238,,,,,0.508230537639107,0.548463848651278,0.547074239266088,0.583865010135308,0.742086322332537,0.765779792413844,0.742621853483269,0.764617411030989,2.98299299556911,3.05243004306386,2.49953569617328,2.52631924221935,FALSE,FALSE,FALSE,FALSE
"August",39,1278,FALSE,TRUE,TRUE,473.958150689067,452.95397753122,475.75707031801,455.505071162931,0.939307155109042,0.950846912521441,0.939896777750551,0.951199154618966,,,,,0.511357088507895,0.545631125599996,0.571020320378358,0.599524754667647,0.737759497244358,0.80616465253938,0.735753779226665,0.797409813915376,2.84027090425553,4.42190219310527,2.05093323655711,3.21346143727713,FALSE,FALSE,FALSE,FALSE
"August",40,1278,FALSE,TRUE,TRUE,440.075895784175,429.648699293052,441.725861853268,429.119318413762,0.942906401705912,0.947606732906855,0.943305657638038,0.948033210834354,,,,,0.483446275047804,0.525120064624893,0.544437653397171,0.596262300626746,0.738164649961581,0.783185305980573,0.73484911631443,0.77443888175002,3.20044587017302,3.91578909257256,2.36253636206951,2.59875221827378,FALSE,FALSE,FALSE,FALSE
"August",41,1278,FALSE,TRUE,TRUE,420.593902945911,401.659690683657,419.176158298354,400.068495601334,0.947205935546826,0.956299368254583,0.948063965275032,0.956677910781732,,,,,0.4859285624944,0.538523854033611,0.566518499183949,0.62092005340791,0.739684344744905,0.803352051669376,0.744457493783735,0.805568552795201,3.20696448682308,4.43050566101692,2.29079630134179,3.12433622648111,FALSE,FALSE,FALSE,FALSE
"August",42,1278,FALSE,TRUE,TRUE,487.895999521152,481.219079653936,488.080992236306,480.836248387709,0.946352155307379,0.951081567686045,0.947382841039557,0.951831750339213,,,,,0.55185311947627,0.560875488873161,0.612258558602344,0.625842383970657,0.765994342016701,0.792184846807833,0.767576970918871,0.79085765138545,3.01059551387788,3.66179883423311,2.1984787706992,2.59573670008764,FALSE,FALSE,FALSE,FALSE
"August",43,1278,FALSE,TRUE,TRUE,461.487178794513,447.178901507435,465.567553160161,449.331161533939,0.945011573387145,0.951421449344175,0.94559766158229,0.952000118701407,,,,,0.589586877197938,0.611302640426178,0.618645872491688,0.647460361531335,0.73701996019031,0.778810547239284,0.739392337375371,0.77569767985006,1.84438104861584,2.49143400776339,1.52428344998241,1.88087161472713,FALSE,FALSE,FALSE,FALSE
"August",44,1278,FALSE,TRUE,TRUE,474.546189710242,471.707365549332,478.412628487803,476.019431141793,0.934254258412962,0.939172947949433,0.93583447088848,0.939803549172058,,,,,0.506236878914528,0.512009042511429,0.54408027389495,0.549425039510204,0.682830973430703,0.728054640562738,0.690284941099526,0.729801765910625,1.83174028823653,2.61361888993137,1.55302127491508,2.19622325158852,FALSE,FALSE,FALSE,FALSE
"August",45,1278,FALSE,TRUE,TRUE,448.189273554747,434.898952404216,454.178742860046,441.760733224676,0.954630125971589,0.960225140712946,0.954683730903243,0.960117930849638,,,,,0.555221133157769,0.588325024225452,0.577808327775324,0.601665385691371,0.76646293646125,0.805056142724667,0.769417148587894,0.805842512506855,2.97579179365416,3.65754946217109,2.73380153756458,3.45964418788466,FALSE,FALSE,FALSE,FALSE
"August",46,1278,FALSE,TRUE,TRUE,462.179092273908,455.669660741893,465.244152461732,456.765731546112,0.944483159117305,0.946447048886073,0.945074437757365,0.947439552317601,,,,,0.600704379350699,0.633638332174312,0.635356725472677,0.672002811518609,0.755953832571959,0.769156669157253,0.76143709038105,0.775025925241143,2.09284265476949,1.93134216502635,1.73869347695082,1.50654007237608,FALSE,FALSE,FALSE,FALSE
"August",47,1278,FALSE,TRUE,TRUE,470.267394797017,463.300280086428,467.692436185268,460.09898763532,0.935987401283031,0.940781398364946,0.937137651790608,0.940997552822746,,,,,0.495096144504126,0.508809182639638,0.564525967142089,0.583005694244291,0.705315100097889,0.744722681749976,0.714850347812648,0.747462439706053,2.34688863710563,3.04031830306117,1.73434330321679,2.14241796601,FALSE,FALSE,FALSE,FALSE
"August",48,1278,FALSE,TRUE,TRUE,481.433050505513,469.116134649588,485.315493467729,473.190861985777,0.946263227513228,0.952870094797178,0.946394124779541,0.952973434744268,,,,,0.551949912745944,0.57757838093963,0.591420149119949,0.613084387361743,0.754859544693365,0.801996444599103,0.753700838284695,0.796661660493457,2.72311614714473,3.72875039927601,2.16761626097004,2.97014828788589,FALSE,FALSE,FALSE,FALSE
"August",49,1278,FALSE,TRUE,TRUE,448.360374188151,442.469516409985,445.440400134385,439.494462236301,0.944200720446394,0.947394856420841,0.944702992442376,0.948532816411737,,,,,0.550037354265012,0.569635973860424,0.627721484913851,0.646083882119754,0.750691981703431,0.78602225688161,0.7479391608513,0.777034865554543,2.6478380807757,3.32689898821193,1.56906682731603,1.93219208263127,FALSE,FALSE,FALSE,FALSE
"August",50,1278,FALSE,TRUE,TRUE,476.136754807751,459.796086199583,477.765455966395,460.283073808039,0.951476470314195,0.956867234138842,0.952321688839788,0.957519450008985,,,,,0.497803085582913,0.546195511848955,0.563162763385194,0.615586936397115,0.751934558148287,0.798527660893641,0.749526140303249,0.794191792432524,3.3703164258646,4.12036461149658,2.44780407725215,2.85501939567544,FALSE,FALSE,FALSE,FALSE
"September",1,1278,FALSE,TRUE,TRUE,301.399236134793,304.386703726947,302.033319198763,304.663385087229,0.979801610120759,0.979585968947671,0.979855520414031,0.979505103507763,,,,,0.570852844763997,0.574310409374637,0.672376751514169,0.678628602348923,0.886543424650591,0.887363581407946,0.889789809695464,0.890490863747323,9.15399020002676,9.14361152191008,6.489965129211,6.36475573051051,FALSE,FALSE,FALSE,FALSE
"September",2,1278,FALSE,TRUE,TRUE,327.700531537671,329.449673244642,330.479523820949,332.447930671449,0.970328025044236,0.970500431014927,0.970618392994873,0.970509505013384,,,,,0.563181577995587,0.562115880373551,0.630910267555856,0.627883372981797,0.827843977519271,0.833885431118787,0.840885594214966,0.847857808489906,5.05764702177698,5.38234539407012,4.3414745046504,4.7566482277073,FALSE,FALSE,FALSE,FALSE
"September",3,1278,FALSE,TRUE,TRUE,296.542806573435,300.028597157888,300.814649451694,304.598421355718,0.974232039840245,0.97422217839357,0.974577190473843,0.974340515753661,,,,,0.548539952983778,0.54797954035942,0.605878701218998,0.604020272822134,0.861926939447934,0.863015750458103,0.870839293818223,0.871593378713982,7.46707472233397,7.56603472319025,6.74884363864282,6.85541154880937,FALSE,FALSE,FALSE,FALSE
"September",4,1278,FALSE,TRUE,TRUE,352.83174392936,354.233424779844,344.171388517549,345.34324706403,0.966289315459818,0.967215804356428,0.965806769159501,0.967119295096365,,,,,0.492262128163537,0.490196891040713,0.913732521889019,0.913589926426569,0.811906781876372,0.820295300876258,0.952279985200985,0.953507609481401,5.59078509500065,6.04313768530901,2.65750276312769,2.82463241808476,FALSE,FALSE,FALSE,FALSE
"September",5,1278,FALSE,TRUE,TRUE,351.130567336031,351.144545658169,354.987940718528,354.514255961841,0.973725592976019,0.973840256847071,0.973316079150832,0.973602738828463,,,,,0.477749724295922,0.471141331924395,0.55335111278469,0.556459879232103,0.860217998397268,0.874110671316792,0.860567752305729,0.87275193738874,9.00166096270362,10.530805131703,7.24869783866454,8.17740672602352,FALSE,FALSE,FALSE,FALSE
"September",6,1278,FALSE,TRUE,TRUE,378.97258556649,381.978936215016,377.774677293102,380.704679091898,0.966188803966123,0.966651518281347,0.965833505474076,0.966106176409833,,,,,0.460807234806236,0.462772952129336,0.60416789599117,0.610182991296639,0.805180274873526,0.81204680140594,0.802972089098854,0.810355147483623,5.81533461196544,6.11356931014699,3.31952755707977,3.47249075919952,FALSE,FALSE,FALSE,FALSE
"September",7,1278,FALSE,TRUE,TRUE,341.281413838575,345.218358468858,344.177973023611,348.147440771554,0.97447168216399,0.974418294256351,0.974267028518041,0.974267028518041,,,,,0.487293528452582,0.487237442797388,0.569295453057708,0.569889458440711,0.807808654485104,0.808266533317152,0.812066859555999,0.812159690316801,5.48647233140057,5.50839346496322,4.24984072593304,4.24316333877757,FALSE,FALSE,FALSE,FALSE
"September",8,1278,FALSE,TRUE,TRUE,344.802280857066,347.907569602839,347.426383498764,350.700766257527,0.967705639490041,0.967968785445307,0.967442493534776,0.967651195499297,,,,,0.548855275867563,0.551198238204654,0.628556198981563,0.630117288733521,0.795189231263372,0.798074524462534,0.808749623203546,0.812528946404223,3.95685361225411,4.02222862154131,3.09966764081456,3.20108245126486,FALSE,FALSE,FALSE,FALSE
"September",9,1278,FALSE,TRUE,TRUE,344.852026633366,348.148677219954,345.770192936401,348.964321183375,0.971021742030145,0.971196812058157,0.971046752034147,0.971013405362145,,,,,0.506905741949547,0.506585680069137,0.632043900992484,0.630821503104451,0.81620493018599,0.821292937927413,0.825151443394879,0.829306094042636,5.53634841340925,5.79353365817402,3.63342061530903,3.8254917602062,FALSE,FALSE,FALSE,FALSE
"September",10,1278,FALSE,TRUE,TRUE,360.888909435675,364.093717996793,361.245917544014,364.189465572498,0.968820861678005,0.968779178338002,0.968404028277978,0.967762104841937,,,,,0.516420160664245,0.522308217721355,0.624147325257682,0.629230075643415,0.783887896524669,0.78738988352791,0.793807218968345,0.795480090833454,4.07165340047515,4.10179788071676,2.70697487609588,2.67426594031422,FALSE,FALSE,FALSE,FALSE
"September",11,1278,FALSE,TRUE,TRUE,322.758710779976,324.471674871976,324.083649398095,325.664208088973,0.972154316271963,0.972966004583652,0.972478991596639,0.973071046600458,,,,,0.554005273791567,0.560471292110717,0.650823564529791,0.660010018397581,0.803312270544424,0.813040191383074,0.815667890682319,0.826892757521334,4.16999650356964,4.44436897655077,2.94205983774222,3.17157270629439,FALSE,FALSE,FALSE,FALSE
"September",12,1278,FALSE,TRUE,TRUE,337.657820974832,340.382809746873,339.469143180971,342.372616878927,0.975692714819427,0.975786114570361,0.975817247820672,0.975762764632628,,,,,0.57989390953555,0.578075410282457,0.653251145828195,0.653376224099526,0.869419743512567,0.873753995434152,0.877140930334306,0.880461356452796,7.29437849721616,7.70514329108634,5.99522582672204,6.24969564984443,FALSE,FALSE,FALSE,FALSE
"September",13,1278,FALSE,TRUE,TRUE,351.5488613274,355.346896274572,351.135732360949,354.817129641544,0.976649210408801,0.976852190151423,0.976649210408801,0.976543660942638,,,,,0.538657747452154,0.536667517393246,0.664291352212221,0.664555144411783,0.869378080605109,0.871202516883479,0.868608565899181,0.870800283074549,8.32958427073849,8.54501196605987,5.1158334260861,5.25170894769008,FALSE,FALSE,FALSE,FALSE
"September",14,1278,FALSE,TRUE,TRUE,327.612168925596,328.50967048872,328.742455208083,329.748475059256,0.966479221504347,0.966309723219271,0.96638948711813,0.966070431522693,,,,,0.476376015131848,0.493686429888932,0.583964691778134,0.600430496607422,0.807121877465637,0.814930214026081,0.82254396389798,0.830634498721939,5.64143957099124,5.71054687840721,4.42303548500496,4.47163563471268,FALSE,FALSE,FALSE,FALSE
"September",15,1278,FALSE,TRUE,TRUE,314.114505121694,311.978674048796,316.316609597214,313.771972857819,0.974493888464477,0.974436592818946,0.973997326203209,0.974083269671505,,,,,0.514744261711774,0.532661823205894,0.622454688744118,0.649537649280896,0.842630446629939,0.848094963476277,0.848635459483765,0.85583784062651,6.85458075047699,6.83146168313709,4.91597905013581,4.70789580589627,FALSE,FALSE,FALSE,FALSE
"September",16,1278,FALSE,TRUE,TRUE,337.036311769422,335.095382581832,335.007742608153,332.792313655448,0.977542321276337,0.978151260504202,0.976909024479357,0.977794016157188,,,,,0.504281228472342,0.508480640655542,0.662158112683202,0.671749161498008,0.847801006851289,0.857569685857082,0.846741146426689,0.856017502186945,7.4253761395065,8.0632899852955,3.96227576140148,4.21036272664729,FALSE,FALSE,FALSE,FALSE
"September",17,1278,FALSE,TRUE,TRUE,305.944005162723,307.737076162921,309.280848723068,310.915468012494,0.976207663493054,0.976207663493054,0.976100358982363,0.975778445450289,,,,,0.580239448174821,0.576121767449046,0.650742076825581,0.650902568424761,0.835901316351239,0.842118047233357,0.843192890641155,0.849300727906303,5.12553674662728,5.54270243817935,4.03768555051228,4.33116745418995,FALSE,FALSE,FALSE,FALSE
"September",18,1278,FALSE,TRUE,TRUE,373.018058468764,374.551800676253,375.927491162124,377.379846830562,0.958994600970918,0.959566262873735,0.959221450932353,0.959747742842884,,,,,0.482277735707901,0.485580750551257,0.560444877949836,0.570389609765278,0.768868148551392,0.778913557819025,0.772924311568238,0.781340859663805,4.07925026657935,4.3649273364669,3.07839787937985,3.17389793876232,FALSE,FALSE,FALSE,FALSE
"September",19,1278,FALSE,TRUE,TRUE,336.309721162411,337.301443914039,336.159095792108,336.75873056769,0.975760982359045,0.975899342787963,0.975527499135247,0.975536146662055,,,,,0.520973205591492,0.512798912097003,0.658537907629117,0.655768776147171,0.836669630514671,0.850598286348993,0.851246144902439,0.863372765128512,6.35888850034056,7.43843808599265,4.26197148632237,4.99892827678473,FALSE,FALSE,FALSE,FALSE
"September",20,1278,FALSE,TRUE,TRUE,320.571826327238,319.964224296256,319.224360687228,318.949836561762,0.975069180214459,0.976080940850917,0.974256312694569,0.975743687305431,,,,,0.534210509166256,0.534672464405453,0.676199695760901,0.67430544474104,0.832702847991447,0.849447466470927,0.837616112652677,0.854939775744206,5.869797673563,6.87845115791082,3.27026735757269,4.09666490223392,FALSE,FALSE,FALSE,FALSE
"September",21,1278,FALSE,TRUE,TRUE,359.04940275542,360.627713889179,357.386175725204,358.760195587481,0.968112061529615,0.969235192639448,0.968004240943071,0.969028536515239,,,,,0.512459545760749,0.509068365960259,0.641438359701913,0.642151213189586,0.82829832049486,0.838658395871172,0.830018758720996,0.842105199319493,6.05158856557581,6.72057119081428,3.64984183374862,4.16620588099939,FALSE,FALSE,FALSE,FALSE
"September",22,1278,FALSE,TRUE,TRUE,303.782638246502,305.178340211319,302.257914606183,303.484746834409,0.983542744131658,0.984437416124501,0.983197432134421,0.983856664129147,,,,,0.582520696997509,0.567929164013785,0.713984935882358,0.706347864530435,0.866728128617664,0.876127052741872,0.87360271625295,0.882349895264524,7.01577131729828,8.18524492588533,4.15453112318038,4.92157209447288,FALSE,FALSE,FALSE,FALSE
"September",23,1278,FALSE,TRUE,TRUE,288.022214078667,290.446835315096,289.821770094227,291.94557417332,0.980886575735822,0.981195660843902,0.981026162558826,0.981285395230119,,,,,0.585166875609597,0.580537340790411,0.659573645800772,0.659464361887847,0.888945070155625,0.895254740086146,0.896631909721148,0.902335534203928,8.99906202587557,9.88473124143681,7.54478897885363,8.1812164115508,FALSE,FALSE,FALSE,FALSE
"September",24,1278,FALSE,TRUE,TRUE,356.301362344908,357.711270329769,348.196639084525,349.368329086372,0.964339828406536,0.96551724137931,0.963722169142129,0.964899582114904,,,,,0.467774853269826,0.457682311852666,0.906435782994892,0.903599119754001,0.82611225916952,0.83776749752323,0.951372266617365,0.953075663500067,6.77956253356655,7.70764255828899,3.04013975618978,3.46880354154511,FALSE,FALSE,FALSE,FALSE
"September",25,1278,FALSE,TRUE,TRUE,291.676630039973,291.683038196456,295.137940949391,294.397760467387,0.983334074832051,0.982479868309828,0.983156115139921,0.982150642879388,,,,,0.581854910492422,0.601431877037076,0.652039149245416,0.677677010397575,0.85808657521102,0.868522561694191,0.859573070936382,0.872411852639288,6.40366302643291,6.68322370425876,4.86202497045882,5.02124974195452,FALSE,FALSE,FALSE,FALSE
"September",26,1278,FALSE,TRUE,TRUE,362.088297534673,364.444214799729,362.34711669727,364.579208235942,0.968142511241785,0.968661362850225,0.967485299204427,0.967917675544794,,,,,0.501443704506602,0.500057758367347,0.623849346959651,0.623596345709397,0.841824882569975,0.849709353747988,0.843184224668865,0.851509644586182,7.07955340394253,7.65388711956188,4.60146833607801,5.04951784330234,FALSE,FALSE,FALSE,FALSE
"September",27,1278,FALSE,TRUE,TRUE,322.694962172337,320.253114109607,326.455149893379,322.947611431086,0.972373949579832,0.97318563789152,0.972288006111536,0.972927807486631,,,,,0.469345766533563,0.485040243615987,0.553505108112023,0.580244109306768,0.837018792182776,0.857690288252796,0.837953359819322,0.85794436771183,7.4216885916052,8.61479860945108,5.77486356973588,6.43126369669577,FALSE,FALSE,FALSE,FALSE
"September",28,1278,FALSE,TRUE,TRUE,360.485478644103,362.445765389411,363.782541635595,366.089557743397,0.968168779494772,0.968580970246557,0.968513673797286,0.968740799313576,,,,,0.523606017554646,0.519121189957531,0.594746234703698,0.588744213165829,0.791899981561786,0.80099010971295,0.803096124657562,0.809907625999899,4.24147854130181,4.65962558767927,3.48110804028769,3.82760470034416,FALSE,FALSE,FALSE,FALSE
"September",29,1278,FALSE,TRUE,TRUE,393.197429335602,393.504075664862,393.983104800715,393.969444928504,0.96160409556314,0.961990469444266,0.961724837400992,0.961732886856848,,,,,0.523899275110762,0.528795076839732,0.608814205311936,0.619301041165541,0.807514650790959,0.819603885575857,0.816515991300619,0.828655006487528,4.84741924780638,5.30345476626959,3.72409286171377,4.01965021012211,FALSE,FALSE,FALSE,FALSE
"September",30,1278,FALSE,TRUE,TRUE,233.092907997733,233.75095919333,236.346093962501,237.280995563651,0.986753463023238,0.98762935648864,0.986688582025801,0.987283324502309,,,,,0.604978486328006,0.614116501198806,0.6848507207616,0.691060003335883,0.886763007919994,0.900009279169158,0.890236847765574,0.902782799909649,8.18667028438388,9.406368231806,6.15592082204945,7.16478237367253,FALSE,FALSE,FALSE,FALSE
"September",31,1278,FALSE,TRUE,TRUE,303.170356755427,300.772725431899,305.93200218151,303.312314142181,0.97623345082734,0.977953336294308,0.976866595477268,0.978397482541273,,,,,0.6095990776139,0.619204468611081,0.695372540525812,0.715639628539591,0.855423483154241,0.870134803582569,0.863844561218426,0.880223756476542,5.59378449499393,6.35680486823389,4.07072047401082,4.52059658813693,FALSE,FALSE,FALSE,FALSE
"September",32,1278,FALSE,TRUE,TRUE,347.693379739039,349.482549097658,350.953254976498,352.42527442899,0.968894846074023,0.969258042199931,0.968912141127637,0.969275337253546,,,,,0.498444554805922,0.504021091315874,0.583327327346167,0.595208424987196,0.828390077233328,0.831706024327905,0.832859038242355,0.837956888801791,6.3252593008015,6.40569702333978,4.91158131071696,4.92838251316071,FALSE,FALSE,FALSE,FALSE
"September",33,1278,FALSE,TRUE,TRUE,355.694232158989,358.601781437689,356.850963686315,359.714454144752,0.970101867572156,0.969915110356537,0.969567062818336,0.969668930390492,,,,,0.490722378369159,0.497095131347345,0.590768552245624,0.597307009544059,0.812047128650285,0.813879858726197,0.81815621460327,0.820127553616316,5.62436768816849,5.59950133667816,4.11383552511339,4.07538910052173,FALSE,FALSE,FALSE,FALSE
"September",34,1278,FALSE,TRUE,TRUE,297.838571221718,296.065100248712,300.874576970218,298.885167772926,0.983573641809543,0.984408180128073,0.983623218343317,0.98435034083867,,,,,0.598660417025138,0.610632535195794,0.671344031415799,0.683408791217936,0.879461746559682,0.891684803139641,0.886279428059257,0.89973510071044,7.66395164662543,8.53642819302278,6.21795247907462,7.09804764301638,FALSE,FALSE,FALSE,FALSE
"September",35,1278,FALSE,TRUE,TRUE,301.331842847995,297.078894843707,295.317575510818,290.30603423918,0.976466269679419,0.978220083204177,0.975314054980015,0.978016151398972,,,,,0.540849451998459,0.54594844788181,0.921839525211997,0.929411264895156,0.824923404838346,0.846755784729012,0.955086987711364,0.962907936502753,5.33803986876831,6.45777375756551,2.43536921326951,2.97097605569735,FALSE,FALSE,FALSE,FALSE
"September",36,1278,FALSE,TRUE,TRUE,354.569549855844,356.254040668322,355.243710173146,357.325467722145,0.971640580936266,0.971808023124648,0.972010716300056,0.972151720248167,,,,,0.465680766830004,0.480168134198524,0.581734248622804,0.590441070557017,0.846664097424102,0.851869149662079,0.860483673536098,0.865578292779766,8.17411250552152,8.25518332775773,6.57305760229941,6.73377238321619,FALSE,FALSE,FALSE,FALSE
"September",37,1278,FALSE,TRUE,TRUE,291.821807703037,295.247558716719,291.487709005834,294.417736704788,0.978172102636487,0.978696375459999,0.978434239048243,0.97883752583556,,,,,0.580275302259544,0.577592773607729,0.682866639895365,0.683833225441957,0.852996148626367,0.857684173918327,0.865623764023505,0.870523972268183,6.10334772506433,6.47478075892599,4.47435392505235,4.7436421212409,FALSE,FALSE,FALSE,FALSE
"September",38,1278,FALSE,TRUE,TRUE,339.450984973647,341.717094638144,341.097647391312,343.191038632273,0.969040985409487,0.969636703570643,0.968564410880563,0.96918762372608,,,,,0.488130258284401,0.486566744956842,0.617178726263138,0.617412150389473,0.822991400536415,0.830399412006479,0.830343967186089,0.836984679013872,6.22370328021689,6.66957672749163,4.13357262746655,4.43126854940241,FALSE,FALSE,FALSE,FALSE
"September",39,1278,FALSE,TRUE,TRUE,330.703647937415,333.77245160128,327.41064238503,330.509316788769,0.977133506395593,0.977227748220115,0.976525218255498,0.976970725062328,,,,,0.558185181669807,0.558143533201728,0.706824805347323,0.707129738680465,0.849124190165757,0.85119131478043,0.862018848858328,0.865172529752129,6.34396576861198,6.47871162119142,3.70027307398036,3.85633536809115,FALSE,FALSE,FALSE,FALSE
"September",40,1278,FALSE,TRUE,TRUE,332.644557313046,332.926358113328,332.683854522572,332.936477426753,0.97625636672326,0.977750424448217,0.976502546689304,0.977682512733447,,,,,0.56886454713078,0.555986903912918,0.666427576210563,0.658452348291433,0.858888973040618,0.872738212989662,0.867212226718287,0.880359477080803,6.76164108045945,8.18839702410888,4.97451690856612,6.10198930789776,FALSE,FALSE,FALSE,FALSE
"September",41,1278,FALSE,TRUE,TRUE,260.183088882981,263.452882840318,263.798102439653,266.66052275781,0.977104086501001,0.976432792702077,0.976924275662004,0.976444780091344,,,,,0.556237854253411,0.562677505531714,0.629463316840733,0.639607550325348,0.854932796241639,0.858447663744753,0.861183480562619,0.865935563443926,6.77387407963155,6.8740993200484,5.49162870278868,5.55396596777717,FALSE,FALSE,FALSE,FALSE
"September",42,1278,FALSE,TRUE,TRUE,353.877674951172,357.046144798341,355.165049707543,358.558521789043,0.965855023789533,0.965594448787361,0.965671656195412,0.965710259899437,,,,,0.530921193505398,0.529718701820147,0.615836318708785,0.615335740672251,0.796006700158578,0.798145256454459,0.811658481128963,0.813783352637944,4.27512257373663,4.37486854565851,3.42053677744197,3.50595118139317,FALSE,FALSE,FALSE,FALSE
"September",43,1278,FALSE,TRUE,TRUE,303.129339605283,298.811650347127,305.970328658096,301.243184672785,0.978790375589028,0.98068822500162,0.978882953609154,0.98054935797143,,,,,0.579994121333858,0.580919728794895,0.643686513226521,0.649408617970409,0.864897316237371,0.889538337797048,0.873743224192176,0.897513321259785,6.93764117778888,9.19155575765678,5.99457920183981,7.96427172004387,FALSE,FALSE,FALSE,FALSE
"September",44,1278,FALSE,TRUE,TRUE,316.897240556592,318.037387967985,319.88235861435,321.206656996221,0.978992640570249,0.97979797979798,0.979335338113964,0.980114975025916,,,,,0.585237019362861,0.591953676593303,0.65708443369183,0.66192579807037,0.883659788302744,0.887807727245234,0.892180790431711,0.895843639333075,8.43879810412928,8.67547104239821,7.17345281498106,7.38849597802457,FALSE,FALSE,FALSE,FALSE
"September",45,1278,FALSE,TRUE,TRUE,364.889537371626,365.962316706628,363.60605230115,364.775822455142,0.969096232985122,0.969207027540361,0.968937955049066,0.969127888572333,,,,,0.483112051757274,0.497146403164326,0.886474606430308,0.887125176336401,0.823707112017894,0.834162712479725,0.949078604863209,0.951268688661767,6.35597299511899,6.68570520617796,4.04464368922158,4.33035129545206,FALSE,FALSE,FALSE,FALSE
"September",46,1278,FALSE,TRUE,TRUE,334.823867177362,326.724685050152,340.653841373113,331.994437163882,0.972345209270149,0.975095122794881,0.972301971636112,0.974965409892771,,,,,0.56236201524747,0.592275756006351,0.593419080063227,0.632655735479901,0.836371155998553,0.862726528905583,0.845873565000062,0.871299585319114,5.50913835515793,6.48156830596042,5.38870548198149,6.10026625660326,FALSE,FALSE,FALSE,FALSE
"September",47,1278,FALSE,TRUE,TRUE,380.564071644849,382.625911550322,383.424779550026,385.06359678161,0.966431758142653,0.966902639328954,0.966487625402045,0.966543492661436,,,,,0.578486134162516,0.579886368239894,0.635693757628404,0.6453792936077,0.825355045261597,0.835087364089588,0.832073498363443,0.841224336898967,4.65038434715595,5.0910448389754,3.84729893644803,4.05795418820801,FALSE,FALSE,FALSE,FALSE
"September",48,1278,FALSE,TRUE,TRUE,358.200368978841,361.947557307571,359.008620647266,362.935453702523,0.97169006375169,0.97191544851568,0.97096561272458,0.971142700753429,,,,,0.544759653651442,0.54623861975673,0.642243705214951,0.642766716186199,0.829564999663371,0.828791990032984,0.829949733139924,0.82911970101442,5.49753296154203,5.42943831377667,3.63144434393168,3.58775558121719,FALSE,FALSE,FALSE,FALSE
"September",49,1278,FALSE,TRUE,TRUE,357.543611757517,358.438600436254,361.207207191772,361.781126317205,0.968410103525095,0.968033350805923,0.968565718778666,0.968066111911938,,,,,0.506093906543799,0.510941991573263,0.584250590826548,0.595158530609136,0.806720482721191,0.81539762049671,0.818619599157775,0.829440751137202,5.11705434198498,5.42581777339404,4.25097269856426,4.51900214585801,FALSE,FALSE,FALSE,FALSE
"September",50,1278,FALSE,TRUE,TRUE,363.843119606496,361.324726087615,365.764831493896,362.933989460672,0.973914788824815,0.976006855184233,0.973505639315408,0.975682623497534,,,,,0.495884698632685,0.482471597276834,0.601439019669958,0.5925470428835,0.84759559020065,0.871967651634122,0.849505380960016,0.872379417072973,7.59218487159777,10.0083351886094,5.42282257170514,7.2136609119627,FALSE,FALSE,FALSE,FALSE
