"Metric","Constituent","Month_Number","Month","Season","Events","Sites","Log10_SD","Log10_IQR","Log10_MAD","Q75_to_Q25_Ratio"
"Concentration","Suspended sediment",1,"Jan","Pre-growing season",53,20,0.64521655648855,0.769007870943774,0.631541242466884,5.875
"Concentration","Suspended sediment",2,"Feb","Pre-growing season",108,24,0.49914035881423,0.468272293181009,0.391465658755603,2.93949207182809
"Concentration","Suspended sediment",3,"Mar","Pre-growing season",237,27,0.745768292642837,0.872828381959408,0.613586378249541,7.46153846153846
"Concentration","Suspended sediment",4,"Apr","Pre-growing season",94,22,0.928685090739886,1.31023544253802,0.977709812514682,20.4284512495984
"Concentration","Suspended sediment",5,"May","Pre-growing season",115,23,0.894731750001148,1.55610107091736,1.13743671762169,35.9833067342358
"Concentration","Suspended sediment",6,"Jun","Growing season",146,25,0.801359409632869,1.10177024712333,0.820359608599198,12.6406744657916
"Concentration","Suspended sediment",7,"Jul","Growing season",92,21,0.778191531624413,0.973151550559354,0.6370069754424,9.40051291809426
"Concentration","Suspended sediment",8,"Aug","Growing season",67,22,0.660161905416385,0.686423318869624,0.511084928151428,4.85761754924632
"Concentration","Suspended sediment",9,"Sep","Growing season",49,16,0.505915323669326,0.765325514798508,0.545309630157594,5.82539682539683
"Concentration","Suspended sediment",10,"Oct","Post-growing season",37,17,0.662724189718478,0.783290890036055,0.619038228276731,6.07142857142857
"Concentration","Suspended sediment",11,"Nov","Post-growing season",18,12,0.752472515245648,1.11180400931343,0.674768861573426,12.9361192174488
"Concentration","Suspended sediment",12,"Dec","Post-growing season",34,26,0.737558192410665,0.763713994441132,0.570035880376116,5.80382079781916
"Concentration","Total dissolved solids",1,"Jan","Pre-growing season",45,19,0.397272327809921,0.552262522965547,0.531027114557496,3.56666666666667
"Concentration","Total dissolved solids",2,"Feb","Pre-growing season",58,16,0.40573395028151,0.482070292891505,0.360860494100689,3.0343822754984
"Concentration","Total dissolved solids",3,"Mar","Pre-growing season",172,17,0.322290818444744,0.375663613960886,0.281602085170956,2.375
"Concentration","Total dissolved solids",4,"Apr","Pre-growing season",73,15,0.306745656055118,0.439845135756269,0.337221264989394,2.75324675324675
"Concentration","Total dissolved solids",5,"May","Pre-growing season",66,17,0.354639123698256,0.445667424916137,0.348279060444612,2.79040617882421
"Concentration","Total dissolved solids",6,"Jun","Growing season",109,19,0.38392838559273,0.356547323513813,0.264470718581365,2.27272727272727
"Concentration","Total dissolved solids",7,"Jul","Growing season",73,16,0.367992400154775,0.37238590419965,0.317098221050577,2.35714285714286
"Concentration","Total dissolved solids",8,"Aug","Growing season",35,15,0.243854127485987,0.233280191096109,0.171678196537914,1.71111891110113
"Concentration","Total dissolved solids",9,"Sep","Growing season",24,9,0.215575977800658,0.24991357763248,0.171343211259077,1.77792557679197
"Concentration","Total dissolved solids",10,"Oct","Post-growing season",13,10,0.336129049768246,0.544068044350276,0.424478371009039,3.5
"Concentration","Total dissolved solids",11,"Nov","Post-growing season",6,5,0.156188065496236,0.210624265951439,0.156881010941421,1.62414300479522
"Concentration","Total dissolved solids",12,"Dec","Post-growing season",20,15,0.233549183137073,0.322033305212865,0.239402698216269,2.09910085347938
"Concentration","Orthophosphate",1,"Jan","Pre-growing season",53,20,0.509125472895034,0.693081175372916,0.518855630683032,4.93265993265993
"Concentration","Orthophosphate",2,"Feb","Pre-growing season",108,24,0.710162042839847,0.859106425110143,0.677568519016056,7.22946942121701
"Concentration","Orthophosphate",3,"Mar","Pre-growing season",237,27,0.595879968312536,0.83159556961061,0.600264741033181,6.78571428571428
"Concentration","Orthophosphate",4,"Apr","Pre-growing season",94,22,0.601613327545139,0.754507209629044,0.533899311433638,5.68207824177173
"Concentration","Orthophosphate",5,"May","Pre-growing season",115,23,0.509344849526921,0.809521363373424,0.631041137588252,6.4494304447156
"Concentration","Orthophosphate",6,"Jun","Growing season",146,25,0.467475472398497,0.537167466981872,0.393931668591111,3.44482740103294
"Concentration","Orthophosphate",7,"Jul","Growing season",92,21,0.437530205601904,0.528824692398487,0.409821751366013,3.37928400266482
"Concentration","Orthophosphate",8,"Aug","Growing season",67,22,0.379959993171988,0.583841332833718,0.334740009514724,3.83567085707143
"Concentration","Orthophosphate",9,"Sep","Growing season",49,16,0.373691136530217,0.340384994615526,0.22495773450474,2.18970189701897
"Concentration","Orthophosphate",10,"Oct","Post-growing season",37,17,0.493613074224179,0.495094625731563,0.387580401719342,3.12676056338028
"Concentration","Orthophosphate",11,"Nov","Post-growing season",18,12,0.78439076302011,0.867211238349757,0.686115231750332,7.36565271512167
"Concentration","Orthophosphate",12,"Dec","Post-growing season",34,26,0.549030593245099,0.63254789413506,0.522749456386533,4.2908950675847
"Concentration","Total phosphorus",1,"Jan","Pre-growing season",53,20,0.447186394633868,0.734259021739216,0.532521227247705,5.4232424677188
"Concentration","Total phosphorus",2,"Feb","Pre-growing season",108,24,0.551450415495473,0.756874933030623,0.588726354057562,5.71314087468962
"Concentration","Total phosphorus",3,"Mar","Pre-growing season",237,27,0.493758521536342,0.634197953761026,0.493954814674678,4.30722891566265
"Concentration","Total phosphorus",4,"Apr","Pre-growing season",94,22,0.486901164297414,0.606940986943828,0.503292550058229,4.04520920614974
"Concentration","Total phosphorus",5,"May","Pre-growing season",115,23,0.575764699230957,0.899826733418671,0.675964717446281,7.94011391908044
"Concentration","Total phosphorus",6,"Jun","Growing season",146,25,0.436339648126419,0.508987751893978,0.384253387488803,3.2284030720163
"Concentration","Total phosphorus",7,"Jul","Growing season",92,21,0.402819913092952,0.465507331641697,0.351115495036362,2.92083706857043
"Concentration","Total phosphorus",8,"Aug","Growing season",67,22,0.336213540133088,0.387190581372895,0.287528113546627,2.43888083723236
"Concentration","Total phosphorus",9,"Sep","Growing season",49,16,0.311045395656262,0.3844616235903,0.299056335512149,2.42360379346681
"Concentration","Total phosphorus",10,"Oct","Post-growing season",37,17,0.272978250080156,0.40683372183202,0.290782498853481,2.55172413793103
"Concentration","Total phosphorus",11,"Nov","Post-growing season",18,12,0.439175535314335,0.600490660351476,0.426845629436238,3.98557201114926
"Concentration","Total phosphorus",12,"Dec","Post-growing season",34,26,0.427753199928497,0.542797623671616,0.416969932586228,3.48977657932188
"Load","Suspended sediment",1,"Jan","Pre-growing season",53,20,0.972661024124409,1.39575212252386,0.993467183794724,24.8743718592965
"Load","Suspended sediment",2,"Feb","Pre-growing season",108,24,1.02276607127125,1.44361339284149,1.05598846055256,27.7723987952399
"Load","Suspended sediment",3,"Mar","Pre-growing season",237,27,1.2006475240012,1.67373418091995,1.19708473397255,47.1774193548387
"Load","Suspended sediment",4,"Apr","Pre-growing season",94,22,1.12526694984503,1.61478786138671,1.29786624077964,41.1896272127772
"Load","Suspended sediment",5,"May","Pre-growing season",115,23,1.25560548291918,1.86038829723143,1.35758585486113,72.5083958791704
"Load","Suspended sediment",6,"Jun","Growing season",146,25,1.23271801802635,1.83495232579057,1.38639227187913,68.3836575736798
"Load","Suspended sediment",7,"Jul","Growing season",92,21,1.14380867394763,1.80863306087631,1.34028579289771,64.3625231253046
"Load","Suspended sediment",8,"Aug","Growing season",67,22,1.03725350056742,1.50191728253228,1.13422146101662,31.7626904810039
"Load","Suspended sediment",9,"Sep","Growing season",49,16,0.958354424410923,1.55886471753189,1.14128542884127,36.2130177514793
"Load","Suspended sediment",10,"Oct","Post-growing season",37,17,1.15299089738084,2.04722222881895,1.43575134325009,111.486486486486
"Load","Suspended sediment",11,"Nov","Post-growing season",18,12,0.925004797881787,1.18985583695056,0.850782996150121,15.4830257813781
"Load","Suspended sediment",12,"Dec","Post-growing season",34,26,1.15163572760824,1.85970074414554,1.31213082279352,72.3936950677104
"Load","Total dissolved solids",1,"Jan","Pre-growing season",45,19,0.790514213909619,0.920818753952375,0.701933178447192,8.33333333333333
"Load","Total dissolved solids",2,"Feb","Pre-growing season",58,16,0.984878929893539,1.13538761334345,0.873395732935375,13.6580158803818
"Load","Total dissolved solids",3,"Mar","Pre-growing season",172,17,0.7314001648983,1.06405801924946,0.812339680309353,11.5893217249832
"Load","Total dissolved solids",4,"Apr","Pre-growing season",73,15,0.71962315302411,0.903089986991944,0.614776425632048,8
"Load","Total dissolved solids",5,"May","Pre-growing season",66,17,0.841921117076146,1.05265923810223,0.710615602492207,11.289097869024
"Load","Total dissolved solids",6,"Jun","Growing season",109,19,0.959665480813239,1.26019374169258,0.923874263622283,18.2051282051282
"Load","Total dissolved solids",7,"Jul","Growing season",73,16,0.846508122187123,1.07838510561953,0.807645298445323,11.978021978022
"Load","Total dissolved solids",8,"Aug","Growing season",35,15,0.73192032115138,0.67439522041022,0.662956497267974,4.72492827673261
"Load","Total dissolved solids",9,"Sep","Growing season",24,9,0.967227150528502,1.27076823054901,1.02499554122007,18.6538392779758
"Load","Total dissolved solids",10,"Oct","Post-growing season",13,10,1.16009231659482,1.18035326069818,0.934169528752558,15.1479289940828
"Load","Total dissolved solids",11,"Nov","Post-growing season",6,5,0.699541363789076,0.986915616084176,0.766449892095504,9.70321414364619
"Load","Total dissolved solids",12,"Dec","Post-growing season",20,15,0.866055483351365,1.0786608153157,0.840610517800169,11.9856285800718
"Load","Orthophosphate",1,"Jan","Pre-growing season",53,20,0.793919199430872,1.08073507411625,0.795974691370611,12.0430107526882
"Load","Orthophosphate",2,"Feb","Pre-growing season",108,24,1.0495150238688,1.45057239723412,1.11903706815202,28.2209999018474
"Load","Orthophosphate",3,"Mar","Pre-growing season",237,27,0.910837312238025,1.34906964850146,0.996946412905779,22.3393045310854
"Load","Orthophosphate",4,"Apr","Pre-growing season",94,22,0.908594168690538,1.00188296940884,0.762549277880698,10.0434511002554
"Load","Orthophosphate",5,"May","Pre-growing season",115,23,0.860460134516893,1.24302916363326,0.980009692969848,17.4996419783254
"Load","Orthophosphate",6,"Jun","Growing season",146,25,0.898353131962169,1.20162987919846,0.887724506864722,15.9085236966895
"Load","Orthophosphate",7,"Jul","Growing season",92,21,0.865465550264594,1.04796141604901,0.804177092392138,11.1676402689607
"Load","Orthophosphate",8,"Aug","Growing season",67,22,0.775635019698281,1.01647627627957,0.829987759839058,10.3866686277629
"Load","Orthophosphate",9,"Sep","Growing season",49,16,0.905761881819135,1.36857293429953,0.966755310645894,23.3653846153846
"Load","Orthophosphate",10,"Oct","Post-growing season",37,17,0.944853620669708,1.49084251328003,1.20778843664101,30.962962962963
"Load","Orthophosphate",11,"Nov","Post-growing season",18,12,1.1042185552164,1.82376293104703,1.56136315410507,66.6442877772244
"Load","Orthophosphate",12,"Dec","Post-growing season",34,26,0.825859773878776,0.927693897920365,0.728254504427134,8.46630476552061
"Load","Total phosphorus",1,"Jan","Pre-growing season",53,20,0.766802658141192,0.958128049225467,0.719440605795684,9.08088235294117
"Load","Total phosphorus",2,"Feb","Pre-growing season",108,24,0.993608606143659,1.24274832643881,0.941584101439213,17.4883294659556
"Load","Total phosphorus",3,"Mar","Pre-growing season",237,27,0.901740638802786,1.31575325248469,0.97280956665579,20.6896551724138
"Load","Total phosphorus",4,"Apr","Pre-growing season",94,22,0.830512725066082,1.18220382707699,0.933056087046371,15.2126133456314
"Load","Total phosphorus",5,"May","Pre-growing season",115,23,1.00199284555901,1.34517378024556,1.01877116699412,22.1398044293743
"Load","Total phosphorus",6,"Jun","Growing season",146,25,0.986474176600945,1.34527306208274,0.999104420831636,22.1448662752303
"Load","Total phosphorus",7,"Jul","Growing season",92,21,0.867095425164123,1.10725016258966,0.868026435463644,12.8011846649763
"Load","Total phosphorus",8,"Aug","Growing season",67,22,0.817501419930613,1.14957229110697,0.888996802174382,14.1114711141301
"Load","Total phosphorus",9,"Sep","Growing season",49,16,0.89353876360203,1.37509652641754,1.08643056314243,23.7190082644628
"Load","Total phosphorus",10,"Oct","Post-growing season",37,17,0.907155453946009,1.40712409622291,0.94986374610608,25.5343082114736
"Load","Total phosphorus",11,"Nov","Post-growing season",18,12,0.848719272389491,1.25373211933726,1.06924281940343,17.9362694413511
"Load","Total phosphorus",12,"Dec","Post-growing season",34,26,0.811313871013275,0.990416232472867,0.786229276339423,9.78174264516902
