"Calendar_Year","Month_Number","Month","Monitored_Sites","Mean_P_Events_per_Site","Mean_Precipitation_mm_per_Site","Mean_Q_Events_per_Site","Mean_Runoff_mm_per_Site"
2003,11,"Nov",3,1,43.7388,1,0.240765063075271
2003,12,"Dec",6,4.5,33.3248,0.166666666666667,0.0166382458895828
2004,1,"Jan",6,0.5,5.3721,0.333333333333333,0.473814378598518
2004,2,"Feb",6,2,13.2588,3.5,30.8532848015957
2004,3,"Mar",6,15,93.1164,4,15.8254106977961
2004,4,"Apr",6,12,33.02,0,0
2004,5,"May",6,24.5,237.4519,7.16666666666667,34.5586370223995
2004,6,"Jun",6,13,122.3391,4.33333333333333,11.4105667697241
2004,7,"Jul",7,11.4285714285714,86.2729142857143,0.285714285714286,0.162961158519271
2004,8,"Aug",7,12.2857142857143,57.7124285714286,0,0
2004,9,"Sep",7,3.42857142857143,21.8331142857143,0,0
2004,10,"Oct",7,9,81.9476571428571,0,0
2004,11,"Nov",7,12.8571428571429,43.2416857142857,0,0
2004,12,"Dec",7,6.71428571428571,36.6522,0.428571428571429,0.94930845260653
2005,1,"Jan",7,4.42857142857143,23.5167714285714,2.57142857142857,10.3953544191418
2005,2,"Feb",7,7,18.3533142857143,4.71428571428571,43.0646365114253
2005,3,"Mar",7,3,11.5896571428571,6.57142857142857,29.2450092006004
2005,4,"Apr",7,8.42857142857143,45.2809428571429,0.142857142857143,0.0167149383029706
2005,5,"May",8,11.875,44.5135,0.125,0.00660973951250131
2005,6,"Jun",8,9.875,71.955025,0.625,0.50768473741349
2005,7,"Jul",8,7.75,60.512325,0.375,0.0218497837988632
2005,8,"Aug",8,8.625,99.837875,0.375,0.679859370305808
2005,9,"Sep",8,9.25,89.671525,0.375,0.137252410204144
2005,10,"Oct",8,6.25,16.0909,0,0
2005,11,"Nov",8,9.875,75.12685,0.5,0.400745217633784
2005,12,"Dec",8,2,6.473825,0,0
2006,1,"Jan",8,5.375,39.157275,0.875,2.20618775598164
2006,2,"Feb",8,1,3.546475,0.5,0.881546873695634
2006,3,"Mar",8,12,47.35195,2.125,13.9154558368706
2006,4,"Apr",8,11.375,118.138575,0.375,1.07981813414968
2006,5,"May",8,18.125,111.432975,2.75,16.3399997461598
2006,6,"Jun",8,11.25,53.863875,0,0
2006,7,"Jul",8,9.125,92.027375,0,0
2006,8,"Aug",8,10.125,54.378225,0.125,0.00200110610234577
2006,9,"Sep",8,12.375,90.21445,0,0
2006,10,"Oct",10,9.3,73.33742,0.3,3.16647015266356
2006,11,"Nov",9,6.33333333333333,41.656,0.222222222222222,2.1122848635209
2006,12,"Dec",9,6.22222222222222,36.5393111111111,0.444444444444444,1.5416210751021
2007,1,"Jan",9,1.66666666666667,1.96708888888889,0,0
2007,2,"Feb",9,0,0,1,0.189588787433029
2007,3,"Mar",9,11.3333333333333,50.6137333333333,3.44444444444444,32.6250487341579
2007,4,"Apr",9,9.44444444444444,64.1688666666667,0.888888888888889,0.515233117667579
2007,5,"May",9,9.55555555555556,43.8545111111111,0,0
2007,6,"Jun",9,9.77777777777778,62.2723333333333,0.111111111111111,0.00452463030704461
2007,7,"Jul",9,10.1111111111111,102.881288888889,0.333333333333333,1.15989854306222
2007,8,"Aug",9,20.2222222222222,175.700266666667,1.33333333333333,2.3305281480256
2007,9,"Sep",9,8.44444444444444,50.5093111111111,0,0
2007,10,"Oct",10,9.7,72.95896,0.5,0.350663086791512
2007,11,"Nov",9,2.33333333333333,3.05928888888889,0,0
2007,12,"Dec",9,4.44444444444444,24.3981111111111,0.222222222222222,0.312422150116681
2008,1,"Jan",9,2.55555555555556,29.8280666666667,1.77777777777778,3.23580134287088
2008,2,"Feb",9,1.11111111111111,14.2070666666667,0.222222222222222,0.790951272426552
2008,3,"Mar",9,4.55555555555556,26.6135555555556,7,22.6645712986813
2008,4,"Apr",9,14.4444444444444,124.273733333333,2.66666666666667,10.8591572080486
2008,5,"May",9,10.2222222222222,63.0766666666667,0.777777777777778,0.0759083285972459
2008,6,"Jun",9,15.3333333333333,187.406844444444,3.88888888888889,52.9176812360811
2008,7,"Jul",9,11.5555555555556,123.054533333333,1.77777777777778,7.15793835194307
2008,8,"Aug",9,5.77777777777778,27.9710444444444,0,0
2008,9,"Sep",9,7.22222222222222,66.8415111111111,0,0
2008,10,"Oct",9,9.88888888888889,40.8432,0,0
2008,11,"Nov",8,8.625,22.158325,0,0
2008,12,"Dec",8,4.875,16.40205,0.375,5.82280194957088
2009,1,"Jan",8,0.375,0.51435,0,0
2009,2,"Feb",8,3.5,16.28775,3.125,28.3559206053928
2009,3,"Mar",8,10,54.6354,4,33.005004843592
2009,4,"Apr",8,11.125,79.219425,0.625,2.51203303912329
2009,5,"May",8,10.125,52.3494,0,0
2009,6,"Jun",8,9.875,69.9262,0.5,0.133627375442415
2009,7,"Jul",8,10,89.296875,0.75,1.92559858933178
2009,8,"Aug",8,16.375,107.2007,0.25,0.110228623726455
2009,9,"Sep",8,7,34.496375,0,0
2009,10,"Oct",8,16.625,104.4829,0.375,0.135418686359064
2009,11,"Nov",7,7.42857142857143,27.2687142857143,0,0
2009,12,"Dec",6,3.5,36.3982,0.5,0.701514797189071
2010,1,"Jan",6,1,13.716,1,8.00708887985632
2010,2,"Feb",6,0,0,0,0
2010,3,"Mar",6,5,13.6017,3.33333333333333,20.3822779381384
2010,4,"Apr",6,13,117.9957,1.16666666666667,4.88793769110563
2010,5,"May",6,8.5,71.2978,0.5,0.595328075008459
2010,6,"Jun",6,19,166.4081,2.5,4.59189360696259
2010,7,"Jul",6,14,160.6169,2,14.8615107054881
2010,8,"Aug",6,6.5,102.8065,1.66666666666667,5.8573819782679
2010,9,"Sep",6,10.5,48.5013,0,0
2010,10,"Oct",9,2,12.0396,0,0
2010,11,"Nov",6,7.5,26.9113,0.666666666666667,0.0654177080706749
2010,12,"Dec",6,1,1.4859,0.5,1.52370551238396
2011,1,"Jan",6,0,0,0,0
2011,2,"Feb",6,0,0,1.5,10.6860399306167
2011,3,"Mar",6,5,48.2727,6,18.5265389703319
2011,4,"Apr",6,16.5,88.9719666666667,4.66666666666667,18.3180738775781
2011,5,"May",6,11.1666666666667,61.5907666666667,0.333333333333333,0.0199319531735428
2011,6,"Jun",6,12.1666666666667,101.367166666667,0.833333333333333,0.298651073094255
2011,7,"Jul",6,11,91.8845,0.166666666666667,0.0829613500272183
2011,8,"Aug",6,6.5,35.8182333333333,0,0
2011,9,"Sep",6,10.8333333333333,85.0730666666667,0.166666666666667,0.0366272963714445
2011,10,"Oct",6,3.33333333333333,17.0772666666667,0,0
2011,11,"Nov",5,4.4,26.7716,0,0
2011,12,"Dec",5,6.2,27.0764,0,0
2012,1,"Jan",5,0.6,0.6604,0.6,0.0904767112253844
2012,2,"Feb",5,0,0,4.2,8.37728569177579
2012,3,"Mar",5,9,37.9984,2.4,18.1193516466642
2012,4,"Apr",5,10.4,97.3836,1,3.0249434388127
2012,5,"May",5,14.2,121.2088,2.2,12.9141412652664
2012,6,"Jun",5,7.4,66.1416,1.8,5.2064228829352
2012,7,"Jul",5,11.2,88.9,1.4,2.05206937027237
2012,8,"Aug",5,7.8,56.7944,0.4,0.162848000628178
2012,9,"Sep",5,8.2,27.5336,0,0
2012,10,"Oct",5,8.8,72.6948,0,0
2012,11,"Nov",5,2.4,23.368,0,0
2012,12,"Dec",5,2.4,10.8204,0,0
2013,1,"Jan",5,3.2,9.2456,0.6,2.9119081453386
2013,2,"Feb",5,2.4,11.3792,0.6,8.97582025441443
2013,3,"Mar",5,4.6,23.876,1.6,57.8610215445863
2013,4,"Apr",5,15.8,100.7364,4.4,43.757528593312
2013,5,"May",5,19.2,154.2288,2,13.6424654625638
2013,6,"Jun",5,20.4,163.1696,3.4,12.6416959151304
2013,7,"Jul",5,8.4,44.6532,0,0
2013,8,"Aug",5,3.4,18.9484,0,0
2013,9,"Sep",5,6.8,46.482,0,0
2013,10,"Oct",5,13,90.2208,0.6,3.53427334422064
2013,11,"Nov",5,4.6,37.6936,0,0
2013,12,"Dec",5,0.6,0.8636,0,0
2014,1,"Jan",5,0,0,0,0
2014,2,"Feb",5,0.6,5.6388,0,0
2014,3,"Mar",5,2,18.2372,3.6,68.5901333888808
2014,4,"Apr",5,18,150.9268,3.6,25.0224840519658
2014,5,"May",5,12.6,87.2236,1.6,15.0026060725211
2014,6,"Jun",5,18.6,287.2232,5.6,79.986785845144
2014,7,"Jul",5,10.4,45.72,0.4,4.21359483573866
2014,8,"Aug",5,12.8,120.8024,0.8,3.18579179224011
2014,9,"Sep",5,12.2,73.1012,1.4,5.94842413753263
2014,10,"Oct",7,5.85714285714286,50.5822857142857,0.142857142857143,0.0167628615260624
2014,11,"Nov",7,7.42857142857143,17.5985714285714,0,0
2014,12,"Dec",7,6.42857142857143,17.8525714285714,0,0
2015,1,"Jan",7,0,0,0,0
2015,2,"Feb",7,0,0,0,0
2015,3,"Mar",7,1.71428571428571,3.15685714285714,2,15.3725425255219
2015,4,"Apr",7,10,68.6888571428571,1.57142857142857,1.80713918045339
2015,5,"May",7,18.8571428571429,106.353428571429,0.571428571428571,1.03863717557669
2015,6,"Jun",7,13.1428571428571,121.593428571429,1,1.02993743023955
2015,7,"Jul",7,8.28571428571429,122.754571428571,1.71428571428571,8.28718681015594
2015,8,"Aug",7,12.4285714285714,97.282,0.857142857142857,5.30828829125969
2015,9,"Sep",7,10.8571428571429,107.986285714286,1.14285714285714,0.246318205975974
2015,10,"Oct",7,8.28571428571429,59.1094285714286,0.857142857142857,1.30483095324389
2015,11,"Nov",7,10.5714285714286,100.293714285714,0.857142857142857,12.8140472043225
2015,12,"Dec",7,8.14285714285714,95.0685714285714,1.85714285714286,15.4053357469949
2016,1,"Jan",7,2.28571428571429,8.09171428571429,0.142857142857143,0.000556481943548486
2016,2,"Feb",7,1.42857142857143,3.77371428571429,3,5.80348741849187
2016,3,"Mar",7,12.1428571428571,74.7848571428571,2.42857142857143,22.880075625976
2016,4,"Apr",7,12,42.3454285714286,0,0
2016,5,"May",7,15.5714285714286,95.6854285714286,0.285714285714286,0.020823051948052
2016,6,"Jun",7,11.4285714285714,122.972285714286,2.28571428571429,3.81672418499925
2016,7,"Jul",7,12.1428571428571,140.135428571429,0.714285714285714,0.0222430470185859
2016,8,"Aug",7,12.4285714285714,172.066857142857,1.42857142857143,2.0201845554251
2016,9,"Sep",7,15.5714285714286,201.784857142857,3.71428571428571,34.449388721166
2016,10,"Oct",9,7,63.6693333333333,0.333333333333333,0.120415739807139
2016,11,"Nov",9,7.11111111111111,49.022,0.222222222222222,0.0146254524687127
2016,12,"Dec",9,3.11111111111111,19.2193333333333,0,0
2017,1,"Jan",9,9.22222222222222,24.5251111111111,1.66666666666667,14.0634796397698
2017,2,"Feb",9,4.22222222222222,23.9042222222222,2.33333333333333,11.4127876583609
2017,3,"Mar",9,10.6666666666667,49.6428888888889,0.666666666666667,3.13368776279966
2017,4,"Apr",9,16.8888888888889,125.645333333333,0.888888888888889,2.67843558727308
2017,5,"May",9,19.4444444444444,154.798888888889,4.11111111111111,18.6176265270635
2017,6,"Jun",9,14.5555555555556,133.858,1.66666666666667,3.63880257649857
2017,7,"Jul",9,11.8888888888889,258.233333333333,5.11111111111111,46.0070059352233
2017,8,"Aug",9,13.2222222222222,88.138,1.11111111111111,0.290716857508538
2017,9,"Sep",9,6,29.3793333333333,0,0
2017,10,"Oct",9,6.44444444444444,58.3071111111111,0,0
2017,11,"Nov",4,6,25.5905,0,0
2017,12,"Dec",4,1.5,2.7305,0,0
2018,1,"Jan",4,7,45.5295,4,27.7278507722099
2018,2,"Feb",4,4.5,65.659,5.5,85.4619062717798
2018,3,"Mar",4,3,16.4465,0,0
2018,4,"Apr",4,9.75,23.749,0.25,0.00947464820192092
2018,5,"May",4,20.75,134.4295,0,0
2018,6,"Jun",4,16,164.846,1,0.0323914672033278
2018,7,"Jul",4,10.75,98.933,0.5,0.144965899784082
2018,8,"Aug",4,14.75,184.785,1.25,3.56598161071327
2018,9,"Sep",4,14.25,231.14,2.75,10.0640509687438
2018,10,"Oct",8,11.375,71.65975,1.5,3.09266076962062
2018,11,"Nov",9,3.88888888888889,20.9973333333333,0.333333333333333,1.45629461706792
2018,12,"Dec",9,6.88888888888889,40.9504444444444,1.22222222222222,5.54169730619264
2019,1,"Jan",9,1,11.4582222222222,0.444444444444444,8.15624784692858
2019,2,"Feb",9,4.44444444444444,27.6577777777778,2.11111111111111,36.4475998300931
2019,3,"Mar",9,6.88888888888889,29.2946666666667,1.66666666666667,113.230896334941
2019,4,"Apr",9,12.7777777777778,64.2055555555555,0.888888888888889,3.89536298130386
2019,5,"May",9,18.8888888888889,130.302,1.11111111111111,2.54588168457877
2019,6,"Jun",9,17.5555555555556,105.918,1.22222222222222,0.62738845987609
2019,7,"Jul",9,11.6666666666667,110.433555555556,1.11111111111111,5.19673077657088
2019,8,"Aug",9,10.3333333333333,118.843777777778,1.88888888888889,4.08069476285548
2019,9,"Sep",9,16.8888888888889,205.570666666667,3.66666666666667,24.1025883519745
2019,10,"Oct",9,14,111.421333333333,3.22222222222222,14.501012626934
2019,11,"Nov",9,6,48.768,1.22222222222222,8.02724122837871
2019,12,"Dec",9,4,34.6004444444444,1.55555555555556,10.4233722381235
2020,1,"Jan",9,3.33333333333333,13.9417777777778,0.444444444444444,0.507864977859496
2020,2,"Feb",9,0.666666666666667,2.45533333333333,2.22222222222222,4.88756321701085
2020,3,"Mar",9,11.5555555555556,86.5575555555556,3.55555555555556,53.7199128926971
2020,4,"Apr",9,9.44444444444444,68.6082222222222,0.555555555555556,0.696172496084053
2020,5,"May",9,9.66666666666667,122.089333333333,1.33333333333333,12.7687353205957
2020,6,"Jun",9,13.5555555555556,111.054444444444,1.11111111111111,3.33171990523082
2020,7,"Jul",9,11.8888888888889,146.05,1.55555555555556,8.80983345145708
2020,8,"Aug",9,6.55555555555556,73.0673333333333,0.555555555555556,3.27256941275639
2020,9,"Sep",9,12.1111111111111,96.52,0.111111111111111,0.0192446413670057
2020,10,"Oct",10,7.6,84.836,0.7,8.27943638835588
2020,11,"Nov",10,5.7,58.0644,0.5,3.18127379070957
2020,12,"Dec",10,0.8,8.89,0,0
2021,1,"Jan",10,1.5,4.3942,0.2,0.300402643790131
2021,2,"Feb",10,0.4,0.2286,1,6.07497780363657
2021,3,"Mar",10,6.7,38.4048,1.8,18.2695694252745
2021,4,"Apr",10,10.2,64.262,0.2,0.200029850751852
2021,5,"May",10,12,82.7278,0.4,1.02918055225107
2021,6,"Jun",10,11.2,83.3628,0.6,2.11973401893359
2021,7,"Jul",10,8.3,115.7732,1.2,4.84835985161734
2021,8,"Aug",10,12.1,127.1524,1.4,8.70638373131271
2021,9,"Sep",10,7.5,31.5722,0.5,0.637523673728047
2021,10,"Oct",12,6.91666666666667,20.4046666666667,0.5,0.336442860178018
2021,11,"Nov",8,3.875,22.82825,0.375,0.168449661349326
2021,12,"Dec",8,4.25,16.35125,1,3.90334635498121
2022,1,"Jan",8,0,0,0,0
2022,2,"Feb",8,0.75,0.53975,1.25,4.43259002604206
2022,3,"Mar",8,10.125,87.122,6,103.604454139188
2022,4,"Apr",8,16.625,86.45525,4.75,24.9107762647476
2022,5,"May",8,12.25,81.2165,1.25,2.21005374030441
2022,6,"Jun",8,10,70.866,0.375,0.73409775995445
2022,7,"Jul",8,10.75,96.93275,0.625,0.488116066956459
2022,8,"Aug",8,14.875,146.33575,1.875,9.88707182605281
2022,9,"Sep",8,8.75,44.92625,0.125,0.00246777843368753
2022,10,"Oct",8,9.625,28.5115,0,0
2022,11,"Nov",8,6,62.96025,0.5,0.20971040559819
2022,12,"Dec",8,2.5,18.542,0.125,0.0402408111533586
2023,1,"Jan",8,5.125,13.1445,0.25,1.23349726089097
2023,2,"Feb",8,2.75,23.622,1.75,8.7642091114934
2023,3,"Mar",7,4,32.2942857142857,3.57142857142857,21.1235584517088
2023,4,"Apr",6,14.5,71.7126666666667,2.16666666666667,97.6743730956989
2023,5,"May",6,5.33333333333333,30.5223333333333,0.333333333333333,2.06935877090993
2023,6,"Jun",5,9.2,38.7604,0.2,0.00217481944754672
2023,7,"Jul",5,14.8,98.6536,1.2,3.85470711724121
2023,8,"Aug",5,9.4,69.1388,0.2,0.962745966155058
2023,9,"Sep",5,9.2,66.3448,0.4,0.0672985045257774
